Percentage of Women,Percentage of Men,Percentage of Eldelry - 65 or more years ,Percentage of Youth - 15-24 years,Average family size - 1 to 3 members,Town,Average family size - 4 to 6 members,Average family size - 7 or more members 
4.90E+01,5.10E+01,1.10E+01,1.20E+01,0, Bireh,1,0
0.00E+00,0.00E+00,0.00E+00,0.00E+00,0,A'ain El-Mir (El Establ),0,0
7.00E+01,3.00E+01,3.50E+01,3.50E+01,0,AAridet Cheikh Zennad,0,1
5.30E+01,4.70E+01,8.00E+01,3.00E+00,0,Aaba,1,0
5.00E+01,5.00E+01,2.50E+01,3.50E+01,0,Aabadiyeh,1,0
5.00E+01,5.00E+01,6.00E+01,2.00E+01,0,Aabaydat,1,0
0.00E+00,0.00E+00,0.00E+00,0.00E+00,0,Aabba,0,0
5.50E+01,4.50E+01,5.00E+00,2.00E+01,0,Aabbesiyyi,1,0
0.00E+00,0.00E+00,0.00E+00,0.00E+00,1,Aabdine,0,0
5.00E+01,5.00E+01,2.50E+01,1.00E+01,0,Aabra Saida,1,0
5.20E+01,4.80E+01,2.00E+01,2.00E+01,0,Aabrine,1,0
6.00E+01,4.00E+01,1.00E+01,2.50E+01,0,Aachach,1,0
0.00E+00,0.00E+00,0.00E+00,0.00E+00,0,Aachqout,0,0
5.50E+01,4.50E+01,1.00E+01,3.50E+01,0,Aadaysseh Marjaayoun,1,0
0.00E+00,0.00E+00,0.00E+00,0.00E+00,0,Aadchit Ech-Chqif,0,0
0.00E+00,0.00E+00,0.00E+00,0.00E+00,0,Aadchit El-Qoussair,1,0
0.00E+00,0.00E+00,0.00E+00,0.00E+00,0,Aadloun,0,0
6.00E+01,4.00E+01,1.50E+01,2.50E+01,0,Aadoussiyeh,1,0
0.00E+00,0.00E+00,0.00E+00,0.00E+00,0,Aafsdiq,1,0
6.00E+01,4.00E+01,4.00E+00,1.80E+01,0,Aain Aanoub,1,0
5.50E+01,4.50E+01,3.00E+01,3.00E+01,0,Aain Aarab Rachaya,1,0
5.00E+01,5.00E+01,4.00E+00,4.00E+01,0,Aain Aata,1,0
0.00E+00,0.00E+00,0.00E+00,0.00E+00,0,Aain Dara,0,0
5.20E+01,4.80E+01,2.30E+01,2.30E+01,1,Aain Drafil,0,0
5.00E+01,5.00E+01,1.50E+01,3.00E+01,0,Aain Ed-Delb,1,0
4.00E+01,3.00E+01,5.00E+00,5.00E+00,1,Aain Ed-Delbe,0,0
5.50E+01,4.50E+01,3.00E+01,1.00E+01,0,Aain Ej-Jdideh Aaley,1,0
4.00E+01,6.00E+01,2.00E+01,4.00E+01,1,Aain El Saydeh,0,0
5.50E+01,4.50E+01,1.00E+01,6.00E+01,0,Aain El-Ghouaybeh,1,0
0.00E+00,0.00E+00,0.00E+00,0.00E+00,1,Aain El-Kharroubeh,0,0
5.50E+01,4.50E+01,2.50E+01,1.00E+01,0,Aain El-Qabu,1,0
0.00E+00,0.00E+00,0.00E+00,0.00E+00,0,Aain Er-Rihane,0,0
5.00E+01,5.00E+01,2.50E+01,2.00E+01,0,Aain Er-Roummaneh Aaley,1,0
5.00E+01,5.00E+01,1.50E+01,2.00E+01,0,Aain Es-Sindiane,1,0
6.00E+01,4.00E+01,1.50E+01,1.50E+01,1,Aain Et-Teffaha,0,0
6.50E+01,3.50E+01,5.00E+00,3.00E+01,0,Aain Et-Tineh-Miniyeh,1,0
5.50E+01,4.50E+01,2.50E+01,3.50E+01,0,Aain Ez-Zeit,1,0
5.00E+01,5.00E+01,5.00E+00,2.00E+01,0,Aain Ez-Zeitouneh,1,0
0.00E+00,0.00E+00,0.00E+00,0.00E+00,0,Aain Fraidis,1,0
5.50E+01,4.50E+01,1.50E+01,3.50E+01,1,Aain Harsha,0,0
5.50E+01,4.50E+01,1.00E+01,1.50E+01,0,Aain Ibl,1,0
4.00E+01,6.00E+01,1.50E+01,3.00E+01,0,Aain Jarfa,1,0
5.50E+01,4.50E+01,5.00E+00,1.00E+01,0,Aain Jrain,1,0
0.00E+00,0.00E+00,0.00E+00,0.00E+00,0,Aain Kfaa,0,0
6.00E+01,4.00E+01,2.50E+01,2.00E+01,0,Aain Kfar Zabad,1,0
0.00E+00,0.00E+00,0.00E+00,0.00E+00,0,Aain Ksour,1,0
5.00E+01,5.00E+01,4.00E+01,1.00E+01,0,Aain Mouaffaq,1,0
5.00E+01,5.00E+01,2.00E+01,4.00E+01,0,Aain Ouzain,1,0
0.00E+00,0.00E+00,0.00E+00,0.00E+00,0,Aain Qana,0,0
5.00E+01,5.90E+01,2.00E+01,6.00E+01,0,Aain Qania,1,0
5.00E+01,5.00E+01,1.00E+01,1.50E+01,0,Aain Qinia,1,0
0.00E+00,0.00E+00,0.00E+00,0.00E+00,0,Aain Saadeh,1,0
6.00E+01,4.00E+01,5.00E+00,2.50E+01,0,Aain Tinta,1,0
5.30E+01,4.70E+01,1.00E+01,1.50E+01,0,Aain Traz,1,0
4.00E+01,6.00E+01,4.00E+01,6.00E+01,0,Aain Yaaqoub,1,0
5.40E+01,4.60E+01,2.50E+01,3.00E+01,0,Aain Zebdeh,1,0
4.00E+01,6.00E+01,5.00E+00,1.20E+01,0,Aain Zhalta,1,0
5.00E+01,5.00E+01,1.00E+01,6.00E+01,0,Aain challal,1,0
0.00E+00,0.00E+00,0.00E+00,0.00E+00,0,Aainbal,1,0
3.50E+01,6.50E+01,5.00E+00,2.00E+01,1,Aaita Ej-Jabal,0,0
6.00E+01,4.00E+01,2.00E+01,3.50E+01,0,Aaiyat,1,0
5.00E+01,5.00E+01,2.00E+01,2.00E+01,0,Aajaltoun,1,0
5.20E+01,4.80E+01,2.00E+01,7.00E+01,0,Aakkar El-Aatiqa,1,0
6.00E+01,4.00E+01,3.00E+01,2.00E+01,0,Aaley,1,0
5.00E+01,5.00E+01,3.00E+01,3.00E+01,0,Aaley Bsatine,1,0
4.50E+01,5.50E+01,3.50E+01,4.00E+01,0,Aali En-Nahri,1,0
5.00E+01,5.00E+01,1.00E+01,6.00E+01,0,Aalma,1,0
4.80E+01,5.20E+01,1.00E+01,1.00E+01,0,Aalma Ech-Chaab,1,0
6.00E+01,4.00E+01,1.20E+01,1.00E+01,0,Aalman,1,0
6.00E+01,4.00E+01,2.50E+01,1.00E+01,1,Aalmane Ech-Chouf,0,0
6.00E+01,4.00E+01,2.00E+01,1.50E+01,0,Aamaret El-Baykat,1,0
4.50E+01,5.50E+01,9.00E+00,3.50E+01,0,Aamayer,1,0
5.20E+01,4.80E+01,1.50E+01,2.70E+01,0,Aamchit,1,0
5.50E+01,4.50E+01,1.10E+01,1.50E+01,1,Aammatour,0,0
4.00E+01,4.00E+01,1.00E+01,2.00E+01,0,Aammiq Ech-Chouf,1,0
5.50E+01,4.50E+01,2.00E+01,3.00E+01,0,Aana,1,0
5.00E+01,5.00E+01,0.00E+00,0.00E+00,0,Aandqet,1,0
5.30E+01,4.70E+01,1.50E+01,3.50E+01,0,Aanjar (Haouch Moussa),1,0
6.00E+01,4.00E+01,2.00E+01,1.50E+01,1,Aanout,0,0
5.50E+01,4.50E+01,5.00E+00,3.50E+01,0,Aanqoun,1,0
6.00E+01,4.00E+01,3.00E+01,3.50E+01,0,Aaouaainat Aakkar,1,0
6.00E+01,4.00E+01,1.50E+01,1.50E+01,0,Aaqabet Rachaya,1,0
6.00E+01,4.00E+01,1.50E+01,2.50E+01,0,Aaqaibeh Kesrouane,1,0
5.50E+01,4.50E+01,1.00E+01,1.00E+01,0,Aaqtanit,1,0
0.00E+00,0.00E+00,0.00E+00,0.00E+00,0,Aarab Ej-Jall,0,0
4.50E+01,5.50E+01,1.50E+01,3.00E+01,0,Aarab Salim,1,0
4.00E+01,3.50E+01,1.00E+01,2.00E+01,0,Aarab Tabbaya,1,0
6.00E+01,4.00E+01,1.00E+01,1.50E+01,0,Aaraiya,1,0
5.50E+01,4.50E+01,2.50E+01,4.00E+01,0,Aaramoun Kesrouane,1,0
5.30E+01,4.70E+01,1.00E+01,2.00E+01,0,Aaramta,1,0
5.00E+01,5.00E+01,1.00E+01,1.00E+01,0,Aaray,1,0
0.00E+00,0.00E+00,0.00E+00,0.00E+00,0,Aarbaniyeh,0,0
5.50E+01,4.00E+01,1.00E+01,1.50E+01,0,Aarbet Qozhaiya,1,0
5.00E+01,5.00E+01,2.00E+01,2.00E+00,0,Aarjis,1,0
4.70E+01,5.30E+01,1.00E+01,5.90E+01,0,Aarqa,1,0
5.20E+01,4.80E+01,3.00E+01,3.00E+01,0,Aarsal,1,0
6.00E+01,4.00E+01,5.00E+00,3.00E+01,0,Aassoun,1,0
4.00E+01,6.00E+01,1.00E+01,4.00E+01,0,Aatchaneh,1,0
5.50E+01,4.50E+01,1.00E+01,1.00E+01,1,Aathrine,0,0
0.00E+00,0.00E+00,0.00E+00,0.00E+00,0,Aaychiyeh,1,0
6.50E+01,3.50E+01,2.50E+01,4.00E+01,1,Aayha,0,0
4.00E+01,6.00E+01,5.00E+00,3.50E+01,0,Aaymar,1,0
0.00E+00,0.00E+00,0.00E+00,0.00E+00,0,Aaynab,0,0
5.70E+01,4.30E+01,2.50E+01,2.50E+01,0,Aaynata Baalbek,1,0
0.00E+00,0.00E+00,0.00E+00,0.00E+00,0,Aaynata Bent Jbeil,1,0
5.50E+01,4.50E+01,1.50E+01,3.50E+01,0,Aayoun Aakkar,1,0
6.00E+01,4.00E+01,7.00E+00,4.00E+01,0,Aayoun El-Ghizlane,1,0
6.00E+01,4.00E+01,4.00E+01,4.50E+01,0,Aayoun El-Matn,1,0
5.00E+01,5.00E+01,1.50E+01,1.50E+01,1,Aayroun,0,0
5.50E+01,4.50E+01,3.50E+01,6.50E+01,0,Aayta Ech-Chaab,1,0
5.00E+01,5.00E+01,2.00E+01,5.00E+01,0,Aayta El-Foukhar,1,0
5.00E+01,5.00E+01,3.00E+01,2.00E+01,0,Aaytanit,1,0
5.20E+01,4.80E+01,1.00E+01,2.00E+01,1,Aaytat,0,0
5.80E+01,4.20E+01,3.00E+00,7.00E+00,0,Aaytit,1,0
5.00E+01,5.00E+01,1.50E+01,2.50E+01,0,Aazour,1,0
4.00E+01,6.00E+01,5.00E+00,3.00E+01,0,Aazqai,1,0
5.50E+01,4.50E+01,1.50E+01,9.00E+00,0,Aazra ouel Aazr,1,0
0.00E+00,0.00E+00,0.00E+00,0.00E+00,0,Aazzi,0,0
4.50E+01,5.50E+01,1.00E+01,2.50E+01,0,Ablah,1,0
0.00E+00,0.00E+00,0.00E+00,0.00E+00,0,Abou Mizan,0,0
6.00E+01,4.00E+01,1.00E+01,1.50E+01,0,Abou Qamha,1,0
0.00E+00,0.00E+00,0.00E+00,0.00E+00,0,Adma Oua Dafine,0,0
0.00E+00,0.00E+00,0.00E+00,0.00E+00,0,Adonis,0,0
5.50E+01,4.50E+01,1.00E+01,3.00E+01,0,Afqa Jbeil,1,0
5.50E+01,4.50E+01,3.50E+01,6.50E+01,0,Ain Aakrine,1,0
0.00E+00,0.00E+00,0.00E+00,0.00E+00,0,Aintoura El-Matn,0,0
5.60E+01,4.40E+01,2.90E+01,3.30E+01,0,Aintoura Kesrouane,1,0
5.50E+01,4.50E+01,1.00E+01,2.00E+01,0,Aintourine,1,0
0.00E+00,0.00E+00,0.00E+00,0.00E+00,0,Aitaroun,0,0
5.20E+01,4.80E+01,1.00E+01,2.00E+01,0,Alaq,1,0
1.00E+00,1.00E+00,1.00E+00,1.00E+00,0,Almat,1,0
5.50E+01,4.50E+01,1.00E+01,2.00E+01,0,Amara,1,0
6.00E+01,4.00E+01,1.00E+01,1.50E+01,0,Amioun,1,0
0.00E+00,0.00E+00,2.00E+01,2.00E+01,0,Anane,1,0
5.20E+01,4.80E+01,3.00E+01,3.00E+01,0,Ansar,1,0
6.00E+01,4.00E+01,5.00E+00,3.50E+01,0,Ansar Baalbeck,1,0
0.00E+00,0.00E+00,0.00E+00,0.00E+00,1,Antelias-Naccache,0,0
6.00E+01,4.00E+01,1.00E+01,2.00E+01,0,Arnoun,1,0
5.00E+01,5.00E+01,3.00E+01,3.00E+01,1,Arsoun,0,0
2.50E+01,2.50E+01,1.50E+01,3.00E+01,0,Arzai,1,0
6.00E+01,4.00E+01,1.50E+01,3.50E+01,0,Arzoun,1,0
5.50E+01,4.50E+01,2.00E+01,2.00E+01,0,Asnoun,1,0
5.00E+01,5.00E+01,4.50E+01,3.00E+01,0,Assia,1,0
5.10E+01,4.90E+01,4.50E+01,2.60E+01,0,Ayto,1,0
0.00E+00,0.00E+00,0.00E+00,0.00E+00,0,Baabda-Louaizi,0,0
0.00E+00,0.00E+00,0.00E+00,0.00E+00,0,Baabdat,0,0
5.40E+01,4.60E+01,1.00E+01,1.00E+01,0,Baadarane,1,0
5.00E+01,5.00E+01,2.50E+01,3.00E+01,0,Baalbek,1,0
0.00E+00,0.00E+00,0.00E+00,0.00E+00,0,Baalchmay,0,0
5.50E+01,4.50E+01,7.00E+01,1.00E+01,0,Baaloul West Bekaa,1,0
4.00E+01,6.00E+01,3.20E+01,1.80E+01,0,Baaouerta,1,0
4.80E+01,5.20E+01,2.20E+00,2.50E+01,0,Baaqline,1,0
4.00E+01,6.00E+01,2.00E+01,3.00E+01,0,Baassir,1,0
5.00E+01,5.00E+01,1.50E+01,6.50E+01,0,Bab Mareaa,1,0
0.00E+00,0.00E+00,0.00E+00,0.00E+00,0,Babliyeh,0,0
0.00E+00,0.00E+00,0.00E+00,0.00E+00,0,Badbhoun,0,0
6.00E+01,4.00E+01,1.00E+01,2.00E+01,0,Baghdadi,1,0
6.00E+01,4.00E+01,5.00E+00,4.00E+01,0,Bahbouch,1,0
5.00E+01,5.00E+01,3.00E+00,5.00E+00,1,Baisour,0,0
5.50E+01,4.50E+01,2.50E+01,2.00E+01,0,Baisour Jezzine,1,0
4.90E+01,5.10E+01,7.00E+00,5.00E+01,0,Bakhaaoun,1,0
5.50E+01,4.50E+01,1.50E+01,4.00E+01,0,Bakka,1,0
6.00E+01,4.00E+01,1.60E+01,3.90E+01,0,Bakkifac Rachaya,1,0
4.80E+01,5.20E+01,3.00E+01,2.50E+01,1,Balloune,0,0
5.00E+01,5.00E+01,3.00E+01,2.00E+01,0,Bane,1,0
4.90E+01,5.10E+01,5.00E+00,1.50E+01,0,Bany haiyane,1,0
0.00E+00,0.00E+00,0.00E+00,0.00E+00,0,Baouchriyeh el Sad,0,0
0.00E+00,0.00E+00,0.00E+00,0.00E+00,0,Baraachit,0,0
5.00E+01,5.00E+01,3.50E+01,4.00E+01,0,Barghoun,1,0
5.00E+00,9.50E+01,1.00E+01,8.00E+01,0,Barja,1,0
4.00E+01,6.00E+01,2.00E+01,4.00E+01,0,Barqa,1,0
6.00E+01,4.00E+01,2.00E+01,3.00E+01,0,Barr Elias,1,0
6.00E+01,4.00E+01,5.00E+00,2.00E+01,0,Barsa,1,0
4.90E+01,5.10E+01,2.00E+01,2.50E+01,0,Basateen Aakar,1,0
5.00E+01,5.00E+01,3.00E+01,2.00E+01,0,Baskinta,1,0
0.00E+00,0.00E+00,0.00E+00,0.00E+00,0,Bater,0,0
0.00E+00,0.00E+00,0.00E+00,0.00E+00,0,Batha,1,0
5.00E+01,5.00E+01,2.00E+01,3.00E+01,0,Batloun,1,0
6.00E+01,4.00E+01,2.00E+01,4.00E+01,0,Batoulay,1,0
6.00E+01,4.00E+01,4.00E+01,2.00E+01,1,Batroumine,0,0
4.00E+01,6.00E+01,3.00E+01,4.00E+01,1,Batroun,0,0
5.00E+01,5.00E+01,2.00E+01,3.00E+01,0,Bayzoun,1,0
3.50E+01,6.50E+01,1.40E+01,5.60E+01,0,Bazaaoun,1,0
6.20E+01,3.80E+01,5.00E+00,4.00E+01,0,Bazouriyeh,1,0
0.00E+00,0.00E+00,0.00E+00,0.00E+00,1,Bchamoun,0,0
0.00E+00,0.00E+00,0.00E+00,0.00E+00,0,Bchannine,1,0
5.00E+01,5.00E+01,3.00E+01,2.50E+01,0,Bcharreh,1,0
5.20E+01,4.80E+01,2.70E+01,2.50E+01,0,Bcheaali,1,0
5.50E+01,4.50E+01,3.50E+01,2.00E+01,0,Bchtfine,1,0
5.00E+01,5.00E+01,2.50E+01,3.00E+01,0,Bdadoun,1,0
5.50E+01,4.50E+01,1.80E+01,2.00E+01,0,Bdebba,1,0
4.80E+01,5.20E+01,1.00E+01,2.00E+01,0,Bebnine,0,1
5.50E+01,4.50E+01,6.00E+01,1.50E+01,0,Bechmizzine,1,0
5.60E+01,4.40E+01,1.50E+01,3.00E+01,0,Bechouat,1,0
4.00E+01,6.00E+01,1.50E+01,2.00E+01,0,Bechtoudar,1,0
5.50E+01,4.50E+01,2.00E+01,5.00E+01,0,Beddaoui,1,0
4.00E+01,6.00E+01,1.00E+01,6.00E+01,0,Bedghan Oua Ouadi Bedghan,1,0
0.00E+00,0.00E+00,0.00E+00,0.00E+00,0,Bedias,0,0
5.30E+01,4.70E+01,2.00E+00,1.50E+01,0,Bednayel El-Koura,1,0
0.00E+00,0.00E+00,0.00E+00,0.00E+00,1,Behdaydat,0,0
5.00E+01,5.00E+01,3.50E+01,6.00E+01,0,Behnine,1,0
5.00E+01,5.00E+01,2.50E+01,2.50E+01,0,Behouaita,1,0
6.00E+01,4.00E+01,2.00E+01,3.00E+01,0,Beino,1,0
6.00E+01,4.00E+01,2.00E+01,4.00E+01,0,Beit Ayoub,1,0
6.00E+01,4.00E+01,1.50E+01,3.50E+01,0,Beit Chama,1,0
6.00E+01,4.00E+01,6.00E+00,2.00E+01,0,Beit Chlala,1,0
5.00E+01,5.00E+01,3.00E+01,2.00E+01,0,Beit Ed-Dine,1,0
6.00E+01,4.00E+01,2.00E+01,3.00E+01,0,Beit El Haj,1,0
5.50E+01,4.50E+01,5.00E+00,4.50E+01,0,Beit El-Faqs,1,0
5.00E+01,5.00E+01,1.00E+01,2.00E+01,0,Beit El-Haouch,0,1
5.20E+01,4.80E+01,1.00E+01,5.00E+01,0,Beit El-Kekko,1,0
6.00E+01,4.00E+01,1.00E+01,4.00E+01,0,Beit Haouik,1,0
4.00E+01,6.00E+01,2.00E+01,1.00E+01,0,Beit Hbaq,1,0
0.00E+00,0.00E+00,0.00E+00,0.00E+00,0,Beit Kassab,0,0
6.00E+01,4.00E+01,3.00E+01,4.00E+01,0,Beit Lahia,1,0
5.00E+01,5.00E+01,2.80E+01,3.50E+01,0,Beit Lif,0,1
6.00E+01,4.00E+01,2.00E+01,4.00E+01,0,Beit Mellat,1,0
5.50E+01,4.50E+01,2.50E+01,3.50E+01,0,Beit Meri,1,0
5.00E+01,5.00E+01,2.00E+01,1.50E+01,1,Beit Monzer,0,0
3.50E+01,6.50E+01,2.00E+01,3.50E+01,0,Beit Obeid,1,0
0.00E+00,0.00E+00,0.00E+00,0.00E+00,0,Beit Yahoun,0,0
6.00E+01,4.00E+01,1.50E+01,4.00E+01,0,Beit Younes,1,0
6.00E+01,4.00E+01,1.50E+01,1.00E+01,0,Bejjeh,1,0
5.00E+01,5.00E+01,1.00E+01,9.00E+00,0,Bekhaaz,1,0
5.20E+01,4.80E+01,4.00E+01,3.00E+01,0,Benouati Jezzine,1,0
6.00E+01,4.00E+01,5.00E+01,3.00E+01,0,Bent Jbeil,1,0
0.00E+00,0.00E+00,0.00E+00,0.00E+00,0,Beqaata Aachqout,0,0
5.50E+01,4.50E+01,1.20E+01,1.00E+01,0,Beqaata Kanaan,1,0
6.00E+01,4.00E+01,5.00E+00,3.00E+01,0,Berbara Aakkar,1,0
4.00E+01,6.00E+01,4.00E+01,3.00E+01,0,Berbara Jbeil,1,0
4.80E+01,5.20E+01,3.00E+01,3.00E+01,0,Berhalioun,1,0
0.00E+00,0.00E+00,0.00E+00,0.00E+00,1,Berti,0,0
5.00E+01,5.00E+01,2.50E+01,2.50E+01,0,Beslouqit,1,0
4.00E+01,6.00E+01,6.00E+01,4.00E+01,1,Besri Jezzine,0,0
0.00E+00,0.00E+00,0.00E+00,0.00E+00,0,Bestiyat,1,0
6.00E+01,4.00E+01,2.00E+01,3.50E+01,0,Bezbina,1,0
0.00E+00,0.00E+00,0.00E+00,0.00E+00,0,Bhamdoun Ed-Dayaa,0,0
5.50E+01,4.50E+01,4.00E+01,2.50E+01,0,Bhamdoun El-Mhatta,1,0
5.50E+01,4.50E+01,3.00E+01,2.00E+01,0,Bhersaf,1,0
6.00E+01,4.00E+01,2.00E+00,2.50E+01,0,Bichtlida,1,0
5.10E+01,4.90E+01,1.20E+01,7.00E+00,0,Bijdarfil,1,0
5.50E+01,4.50E+01,0.00E+00,0.00E+00,0,Bikfaya,1,0
6.00E+01,4.00E+01,1.00E+01,2.00E+01,0,Binnay,1,0
0.00E+00,5.00E+01,2.00E+01,0.00E+00,0,Bintaael,1,0
5.00E+01,5.00E+01,2.00E+01,6.00E+01,0,Biret Aakkar,1,0
6.50E+01,2.50E+01,1.00E+01,2.50E+01,0,Biret Rachaya,1,0
6.00E+01,4.00E+01,1.50E+01,3.50E+01,0,Bisrin,1,0
6.00E+01,4.00E+01,1.00E+01,2.50E+01,0,Bissariyeh,1,0
0.00E+00,0.00E+00,0.00E+00,0.00E+00,0,Biyad,0,0
6.00E+01,4.00E+01,1.50E+01,2.50E+01,0,Bizhel,1,0
5.00E+01,5.00E+01,3.50E+01,3.00E+01,0,Bkassine,1,0
6.00E+01,4.00E+01,3.00E+01,1.00E+01,0,Bkeftine,1,0
4.00E+01,6.00E+01,5.00E+01,5.00E+01,0,Bkhichtay,1,0
3.00E+01,5.00E+01,3.00E+01,2.00E+01,0,Blaouza,1,0
5.50E+01,4.50E+01,1.00E+01,2.00E+01,0,Blat Marjaayoun,1,0
5.20E+01,4.80E+01,3.00E+01,3.50E+01,0,Blaybel,1,0
6.00E+01,4.00E+01,1.00E+01,1.00E+01,0,Blida,1,0
5.50E+01,4.50E+01,1.00E+01,1.00E+01,1,Bmahray,0,0
5.50E+01,4.50E+01,3.00E+01,2.00E+01,0,Bmakine,1,0
6.00E+01,4.00E+01,3.00E+01,3.50E+01,0,Bmaryam,1,0
6.00E+01,4.00E+01,5.00E+00,3.50E+01,1,Bnaafoul,0,0
6.00E+01,4.00E+01,7.00E+00,2.00E+01,1,Bnabil,1,0
6.00E+01,4.00E+01,9.00E+00,1.10E+01,0,Bnehran,1,0
5.10E+01,4.90E+01,1.40E+01,8.00E+00,0,Bnoueiti,1,0
0.00E+00,0.00E+00,0.00E+00,0.00E+00,0,Bohayra,0,0
4.50E+01,5.50E+01,1.00E+01,3.00E+01,1,Bohwara,0,0
5.50E+01,4.50E+01,3.00E+01,3.50E+01,1,Borj Aakkar,0,0
5.00E+01,5.00E+01,1.50E+01,2.50E+01,0,Borj El-Moulouk,1,0
5.00E+01,5.00E+01,1.50E+01,3.50E+01,0,Borj El-Yahoudiyeh,1,0
6.00E+01,4.00E+01,2.00E+00,1.00E+01,1,Borj En-Naqoura,0,0
2.70E+01,7.30E+01,1.80E+01,4.20E+01,0,Borj Rahhal,1,0
0.00E+00,0.00E+00,0.00E+00,0.00E+00,0,Borj qalaouiyeh,0,0
5.10E+01,4.90E+01,3.00E+01,3.50E+01,0,Botmeh,1,0
5.50E+01,4.50E+01,3.00E+01,2.00E+01,0,Bouaida,1,0
4.00E+01,6.00E+01,2.00E+01,3.50E+01,1,Bouar,0,0
6.00E+01,4.00E+01,1.00E+01,1.00E+01,0,Bouarej,1,0
0.00E+00,0.00E+00,0.00E+00,0.00E+00,0,Boulhos,0,0
5.70E+01,4.30E+01,5.00E+00,1.50E+01,0,Bourj El Arab,1,0
6.00E+01,4.00E+01,3.00E+01,6.00E+01,0,Bourj El-Brajneh,1,0
0.00E+00,0.00E+00,0.00E+00,0.00E+00,0,Bourj Hammoud,0,0
4.00E+01,6.00E+01,3.00E+01,4.00E+01,0,Bourjein,1,0
4.90E+01,5.10E+01,2.00E+01,8.00E+00,0,Boussit,1,0
5.20E+01,4.80E+01,2.00E+01,3.00E+01,0,Boustane,1,0
4.00E+01,6.00E+01,3.00E+01,6.50E+01,0,Boustane Heresh,1,0
0.00E+00,0.00E+00,0.00E+00,0.00E+00,0,Boutchay,0,0
5.00E+01,5.00E+01,2.00E+01,2.00E+01,1,Bqaa Kafra,0,0
5.50E+01,4.50E+01,1.00E+01,3.50E+01,0,Bqaa Sefrine,1,0
2.50E+01,7.50E+01,3.00E+01,7.00E+01,0,Bqaatouta,1,0
0.00E+00,0.00E+00,6.50E+01,0.00E+00,0,Bqarsouna,1,0
5.00E+01,5.00E+01,2.00E+01,4.50E+01,0,Bqerqacha,1,0
5.00E+01,5.00E+01,2.50E+01,1.00E+01,0,Bqerzla,1,0
4.90E+01,5.10E+01,3.00E+01,3.50E+01,0,Bqosta,1,0
5.10E+01,4.90E+01,2.00E+01,3.00E+01,0,Braiqeaa,1,0
5.00E+01,5.00E+01,2.00E+01,6.00E+01,1,Bramiyeh,0,0
6.00E+01,4.00E+01,3.00E+01,1.50E+01,1,Breissat,0,0
4.00E+01,6.00E+01,1.50E+01,2.00E+01,0,Brih,1,0
5.30E+01,4.70E+01,6.50E+00,1.80E+01,0,Brital,1,0
0.00E+00,0.00E+00,0.00E+00,0.00E+00,0,Broummana El-Matn,0,0
5.00E+01,5.00E+01,5.00E+00,2.00E+01,0,Bsaba Baabda,1,0
6.00E+01,4.00E+01,1.00E+01,3.00E+01,0,Bsaba Ech-Chouf,1,0
5.00E+01,4.00E+01,1.00E+01,4.00E+01,0,Bsalim,1,0
7.00E+01,3.00E+01,3.50E+01,5.00E+00,0,Bsalya,1,0
5.50E+01,4.50E+01,1.00E+01,1.50E+01,1,Bsarma,0,0
5.00E+01,5.00E+01,0.00E+00,0.00E+00,0,Bsous,1,0
5.50E+01,4.50E+01,4.00E+01,2.00E+01,0,Btaaboura,1,0
5.40E+01,4.60E+01,6.00E+01,2.00E+01,1,Btalloun,0,0
0.00E+00,0.00E+00,0.00E+00,0.00E+00,0,Btater,0,0
5.00E+01,5.00E+01,6.00E+01,8.00E+01,0,Btedaai,1,0
0.00E+00,0.00E+00,0.00E+00,0.00E+00,1,Btedine El-Leqch,0,0
5.05E+01,4.95E+01,2.00E+01,1.20E+01,0,Bteghrine,1,0
5.50E+01,4.50E+01,2.50E+01,2.00E+01,0,Btekhnay,1,0
5.20E+01,4.80E+01,9.00E+00,2.00E+01,0,Btermaz,1,0
6.00E+01,4.00E+01,2.00E+01,3.00E+01,0,Bterram,1,0
5.00E+01,5.00E+01,1.00E+01,2.50E+01,0,Btouratij,1,0
4.00E+01,6.00E+01,5.00E+00,2.50E+01,0,Byaqout,1,0
6.00E+01,4.00E+01,5.00E+00,2.00E+01,0,Bzal,1,0
6.00E+01,4.00E+01,3.00E+01,3.00E+01,0,Bziza,1,0
5.50E+01,4.50E+01,2.00E+00,4.00E+00,1,Bzoummar,0,0
5.50E+01,4.50E+01,2.00E+01,3.00E+01,0,Chaaitiyeh-Malkiyah,1,0
0.00E+00,0.00E+00,0.00E+00,0.00E+00,0,Chaat,0,0
5.30E+01,4.70E+01,2.50E+01,3.00E+01,0,Chadra,1,0
0.00E+00,0.00E+00,0.00E+00,0.00E+00,0,Chahtoul,0,0
5.50E+01,4.50E+01,5.00E+00,3.50E+01,0,Chamaa,0,1
6.00E+01,4.00E+01,1.50E+01,2.00E+01,1,Chamate,0,0
0.00E+00,0.00E+00,0.00E+00,0.00E+00,0,Chanay,1,0
5.50E+01,4.50E+01,1.00E+01,2.50E+01,0,Chane,1,0
0.00E+00,0.00E+00,0.00E+00,0.00E+00,0,Chaouiyeh,0,0
5.50E+01,4.50E+01,4.00E+01,3.50E+01,0,Chaqdouf,1,0
5.40E+01,4.60E+01,1.00E+01,3.00E+01,0,Charbila,1,0
6.00E+01,4.00E+01,1.00E+01,2.00E+01,0,Charbine El-Hermel,1,0
5.20E+01,4.80E+01,1.60E+01,8.00E+00,0,Charoun,1,0
0.00E+00,0.00E+00,0.00E+00,0.00E+00,0,Charqiyeh,0,0
5.00E+01,5.00E+01,2.00E+01,5.00E+01,0,Chartoun,1,0
6.60E+01,1.50E+01,3.00E+01,5.00E+00,0,Chebaa,1,0
5.20E+01,4.80E+01,1.00E+01,2.00E+01,0,Chehabiyeh,1,0
6.50E+01,3.50E+01,7.00E+00,3.50E+01,0,Chehabiyeh Faour,1,0
0.00E+00,0.00E+00,0.00E+00,0.00E+00,0,Chehour,0,0
5.50E+01,4.50E+01,2.50E+01,3.50E+01,0,Cheikh Ayash,1,0
5.40E+01,4.60E+01,2.70E+01,1.50E+01,0,Cheikh Mohammad,1,0
4.60E+01,5.40E+01,2.00E+01,4.00E+01,0,Cheikh Taba,1,0
6.00E+01,4.00E+01,1.00E+01,4.00E+01,0,Cheikh Zennad,0,1
0.00E+00,0.00E+00,0.00E+00,0.00E+00,0,Cheikhlar,1,0
6.00E+01,4.00E+01,2.50E+01,3.50E+01,1,Chhim,0,0
6.00E+01,4.00E+01,3.00E+01,2.00E+01,1,Chibtine,0,0
5.50E+01,4.50E+01,1.50E+01,3.00E+01,0,Chihine,1,0
0.00E+00,0.00E+00,0.00E+00,0.00E+00,0,Chikhane,0,0
0.00E+00,0.00E+00,0.00E+00,0.00E+00,0,Chikka,0,0
5.00E+01,5.00E+01,5.00E+01,2.00E+01,1,Chimlane,0,0
5.00E+01,5.00E+01,3.50E+01,6.50E+01,0,Chiyah,1,0
0.00E+00,0.00E+00,0.00E+00,0.00E+00,0,Chlifa,1,0
0.00E+00,0.00E+00,0.00E+00,0.00E+00,0,Chmistar,0,0
5.00E+01,5.00E+01,2.50E+01,4.00E+01,1,Chnanaair,0,0
5.00E+01,5.00E+01,2.00E+01,5.00E+01,0,Choualiq Jezzine,1,0
4.00E+01,6.00E+01,1.00E+01,3.00E+01,0,Chouaya Hasbaiya,1,0
0.00E+00,0.00E+00,0.00E+00,0.00E+00,0,Chouaya Maten,0,0
5.00E+01,5.00E+01,7.00E+00,1.80E+01,0,Choueifat El-Aamrousiyeh,1,0
5.50E+01,4.50E+01,1.50E+01,3.00E+01,0,Chouit,1,0
4.00E+01,6.00E+01,2.50E+01,7.00E+01,0,Choukine,1,0
5.00E+01,5.00E+01,1.50E+01,2.00E+01,0,Chourit,1,0
5.50E+01,4.50E+01,1.00E+01,2.00E+01,0,Chtaura,1,0
5.00E+01,5.00E+01,1.00E+01,1.50E+01,0,Daghleh,1,0
4.00E+01,6.00E+01,2.00E+01,8.00E+01,0,Dahr El-Ahmar,1,0
0.00E+00,0.00E+00,0.00E+00,0.00E+00,0,Dahr El-Maghara,0,0
6.00E+01,4.00E+01,5.00E+00,1.00E+01,0,Dahr El-Qanbar,0,1
6.00E+01,4.00E+01,1.00E+01,2.00E+01,0,Dahr Es-Souane El-Matn,1,0
5.30E+01,4.70E+01,3.50E+01,8.00E+00,0,Dahr Laissine,1,0
5.40E+01,4.60E+01,7.00E+00,2.50E+01,0,Dalhoun,1,0
0.00E+00,0.00E+00,0.00E+00,0.00E+00,0,Damalsa,0,0
5.50E+01,4.50E+01,2.00E+01,2.00E+01,1,Damour,0,0
6.00E+01,4.00E+01,1.50E+01,3.00E+01,0,Daoura,0,1
5.50E+01,4.50E+01,4.00E+01,3.00E+01,0,Daqqoun,1,0
5.00E+01,5.00E+01,1.00E+01,5.00E+01,0,Dar Baaechtar,1,0
5.50E+01,4.50E+01,4.50E+01,1.50E+01,0,Dar Chmizzine,1,0
0.00E+00,0.00E+00,0.00E+00,0.00E+00,0,Daraaoun,0,0
5.50E+01,4.50E+01,1.50E+01,3.00E+01,0,Daraiya Ech-Chouf,1,0
6.00E+01,4.00E+01,1.00E+01,3.00E+01,1,Daraiya Kesrouane,0,0
5.50E+01,4.50E+01,4.00E+01,2.50E+01,0,Darb Es-Sim,1,0
6.50E+01,3.50E+01,4.00E+00,1.00E+01,0,Darine,1,0
0.00E+00,0.00E+00,0.00E+00,0.00E+00,0,Dayshouniyi,0,0
1.90E+01,1.40E+01,4.60E+01,1.90E+01,0,Debaal Menie,0,1
0.00E+00,0.00E+00,0.00E+00,0.00E+00,0,Debaal Sour,0,0
4.00E+01,6.00E+01,3.00E+01,2.00E+01,0,Debl,1,0
4.60E+01,5.40E+01,2.40E+01,1.70E+01,0,Deddeh,1,0
5.20E+01,4.80E+01,1.40E+01,2.80E+01,0,Deir Aames,1,0
5.00E+01,5.00E+01,2.00E+01,2.50E+01,0,Deir Aammar,1,0
5.00E+01,5.00E+01,2.00E+01,2.00E+01,0,Deir Baba,1,0
5.50E+01,4.50E+01,2.50E+01,4.00E+01,0,Deir Billa,1,0
5.00E+01,1.13E+01,1.67E+01,5.00E+00,0,Deir Chamra,1,0
6.00E+01,4.00E+01,1.00E+01,6.00E+01,0,Deir Dalloum,1,0
4.00E+01,4.00E+01,4.00E+00,1.00E+01,0,Deir Dourit,1,0
5.00E+01,5.00E+01,1.00E+01,6.50E+01,0,Deir El-Aachayer,1,0
5.00E+01,5.00E+01,3.00E+01,3.00E+01,0,Deir El-Ahmar,1,0
5.20E+01,4.80E+01,1.00E+01,1.60E+01,1,Deir El-Ghazal,0,0
5.00E+01,5.00E+01,2.50E+01,5.50E+01,0,Deir El-harf,1,0
0.00E+00,0.00E+00,0.00E+00,0.00E+00,0,Deir Ez-Zahrani,0,0
4.91E+01,5.09E+01,2.43E+01,1.03E+01,0,Deir Jannine,1,0
5.10E+01,4.90E+01,1.00E+01,2.00E+01,0,Deir Kifa,1,0
6.00E+01,4.00E+01,1.50E+01,2.00E+01,0,Deir Koucheh,1,0
5.50E+01,4.50E+01,5.00E+01,3.00E+01,1,Deir Mimas,0,0
5.10E+01,4.90E+01,7.00E+00,4.00E+01,0,Deir Nbouh,1,0
5.00E+01,5.00E+01,9.00E+00,3.10E+01,0,Deir Ntar,1,0
2.50E+01,4.80E+01,1.50E+01,3.00E+01,0,Deir Qanoun El-Aain,1,0
6.00E+01,4.00E+01,2.00E+01,4.50E+01,0,Deir Qanoun En-Nahr,1,0
0.00E+00,0.00E+00,0.00E+00,0.00E+00,0,Deir Qoubel,0,0
5.50E+01,4.50E+01,1.00E+01,3.50E+01,0,Deir Siriane,1,0
0.00E+00,0.00E+00,0.00E+00,0.00E+00,0,Dekouaneh,0,0
6.00E+01,4.00E+01,8.00E+00,2.00E+01,0,Dellafeh,1,0
4.50E+01,5.40E+01,2.00E+01,3.00E+01,0,Derdaghaiya,1,0
0.00E+00,0.00E+00,0.00E+00,0.00E+00,0,Dfoun,0,0
5.50E+01,4.50E+01,5.00E+00,2.50E+01,0,Dhayra,1,0
4.70E+01,5.30E+01,1.50E+01,3.00E+01,0,Dhour el hawa,1,0
6.00E+01,4.00E+01,1.00E+01,3.00E+01,0,Dibbabiyeh,1,0
4.00E+01,6.00E+01,4.50E+01,5.50E+01,1,Dibbine,0,0
4.50E+01,5.50E+01,8.00E+00,2.00E+01,0,Dibbiyeh,1,0
6.00E+01,4.00E+01,1.50E+01,3.00E+01,0,Dik El-Mehdi,1,0
6.00E+01,4.00E+01,2.00E+01,2.00E+01,0,Dimane,1,0
6.00E+01,4.00E+01,2.50E+01,3.50E+01,1,Dlebta,0,0
4.50E+01,5.50E+01,2.00E+01,1.00E+01,0,Dmit,1,0
0.00E+00,0.00E+00,0.00E+00,2.00E+01,0,Douair Aadouiyeh,0,1
0.00E+00,0.00E+00,0.00E+00,0.00E+00,0,Douair En-Nabatiyeh,0,0
5.00E+01,5.00E+01,2.50E+01,2.00E+01,1,Douma,0,0
5.50E+01,4.50E+01,5.00E+00,1.50E+01,0,Douris,1,0
4.50E+01,5.50E+01,0.00E+00,0.00E+00,1,Edde El-Batroun,0,0
6.00E+01,4.00E+01,3.00E+01,2.00E+01,0,Eddeh Jbeil,1,0
4.50E+01,5.50E+01,2.00E+01,1.00E+01,1,Eghbe,0,0
5.20E+01,4.80E+01,1.00E+01,2.50E+01,0,Ehmej,1,0
6.50E+01,4.50E+01,4.00E+01,3.00E+01,0,Ein el Dahab,1,0
5.50E+01,5.50E+01,3.00E+01,4.00E+01,0,El Ain,1,0
5.50E+01,4.50E+01,2.50E+01,3.00E+01,1,El Ghabe,0,0
5.00E+01,5.00E+01,1.50E+01,1.50E+01,0,El Kfeir,1,0
0.00E+00,0.00E+00,0.00E+00,0.00E+00,0,El Manara,1,0
6.00E+01,4.00E+01,1.00E+01,3.00E+01,0,El Marej,1,0
6.00E+01,4.00E+01,2.00E+01,8.00E+00,0,En-Nahriyyi,1,0
5.00E+01,5.00E+01,1.50E+01,2.00E+01,0,Enfeh,1,0
0.00E+00,0.00E+00,0.00E+00,0.00E+00,0,Erkay,0,0
0.00E+00,0.00E+00,0.00E+00,0.00E+00,0,Falougha,0,0
5.00E+01,5.00E+01,3.00E+01,4.00E+01,0,Fanar,1,0
4.90E+01,5.10E+01,2.00E+01,4.00E+01,0,Faraya,1,0
4.00E+01,6.00E+01,1.00E+01,3.00E+01,0,Fard,1,0
5.50E+01,4.50E+01,1.00E+01,3.50E+01,0,Fardis Hasbaiya,1,0
5.00E+01,5.00E+01,1.00E+01,2.00E+01,0,Fatqa,1,0
7.00E+01,7.00E+01,4.00E+01,5.00E+01,1,Fatre,0,0
0.00E+00,0.00E+00,0.00E+00,0.00E+00,0,Faytroun,0,0
5.10E+01,4.90E+01,3.50E+01,2.70E+01,0,Fekehe,1,0
6.00E+01,4.00E+01,5.00E+00,2.00E+01,0,Ferhet,1,0
5.20E+01,4.80E+01,1.50E+01,3.50E+01,0,Fghal,1,0
5.10E+01,4.90E+01,2.00E+01,1.00E+01,0,Fiaa,1,0
6.00E+01,4.00E+01,2.50E+01,2.50E+01,0,Fikani,1,0
5.00E+01,5.00E+01,9.00E+00,2.00E+01,0,Fisan,1,0
5.10E+01,4.90E+01,2.00E+01,4.00E+01,0,Fnaydek,1,0
6.00E+01,4.00E+01,1.50E+01,2.70E+01,0,Fouara,1,0
4.00E+01,6.00E+01,3.00E+01,5.00E+01,1,Fourzol,0,0
4.50E+01,5.50E+01,2.00E+01,6.50E+01,0,Fraides,1,0
6.00E+01,4.00E+01,4.00E+01,6.00E+01,0,Fraikeh,1,0
5.20E+01,4.80E+01,3.50E+01,3.00E+01,0,Fraudis Ech-Chouf,1,0
6.50E+01,4.50E+01,2.00E+01,4.00E+01,0,Froun,1,0
0.00E+00,0.00E+00,0.00E+00,0.00E+00,0,Furn Ech-Chebbak,1,0
7.00E+01,3.00E+01,1.50E+01,2.00E+01,1,Ghabat,0,0
6.00E+01,4.00E+01,1.50E+01,2.00E+01,0,Ghaboune,1,0
6.50E+01,3.50E+01,1.50E+01,3.80E+01,0,Ghalboun,1,0
4.00E+01,6.00E+01,2.00E+01,4.00E+01,0,Ghandouriyet Bent Jbeil,1,0
8.30E+01,1.00E+02,8.00E+00,2.00E+01,0,Gharzouz,1,0
6.00E+01,4.00E+01,2.00E+01,3.00E+01,0,Ghassaniyeh,1,0
3.00E+01,7.00E+01,5.00E+00,6.00E+01,0,Ghazayleh,1,0
0.00E+00,0.00E+00,0.00E+00,0.00E+00,0,Ghazir,0,0
6.00E+01,4.00E+01,1.50E+01,3.50E+01,1,Ghaziyeh,0,0
5.50E+01,4.50E+01,2.50E+01,2.50E+01,0,Ghazzeh,1,0
4.00E+01,6.00E+01,3.00E+01,1.50E+01,0,Ghbaet Bolonya,1,0
5.15E+01,4.85E+01,2.50E+01,1.50E+01,0,Ghbaleh Kesrouane,1,0
4.00E+01,6.00E+01,1.00E+01,3.00E+01,0,Ghbatiyeh,1,0
5.00E+01,5.00E+01,1.00E+01,2.00E+01,0,Ghidras,1,0
5.00E+01,5.00E+01,3.00E+01,2.00E+01,0,Ghineh,1,0
4.90E+01,5.10E+01,1.00E+01,6.70E+01,0,Ghobairi,1,0
9.50E+01,6.00E+01,8.00E+00,5.00E+01,0,Ghoifine,1,0
6.00E+01,4.00E+01,2.00E+01,3.00E+01,0,Ghosta,0,1
6.50E+01,4.50E+01,2.50E+01,5.00E+01,0,Habbouch En-Nabatiyeh,1,0
0.00E+00,0.00E+00,0.00E+00,0.00E+00,0,Habil,0,0
0.00E+00,0.00E+00,0.00E+00,0.00E+00,0,Hadath Baalback,0,0
4.00E+01,6.00E+01,3.50E+01,2.50E+01,1,Hadath Ej-Jebbeh,0,0
5.20E+01,4.80E+01,2.00E+01,4.00E+01,0,Hadath-Sbeineh,1,0
5.50E+01,3.50E+01,3.20E+01,1.50E+01,0,Hadchit,1,0
0.00E+00,0.00E+00,0.00E+00,0.00E+00,0,Haddatha,0,0
7.00E+01,6.50E+01,2.00E+01,5.00E+01,0,Hajjeh,0,1
5.50E+01,4.50E+01,1.50E+01,3.50E+01,0,Hakel,1,0
6.00E+01,4.00E+01,3.00E+01,0.00E+00,0,Hakour,1,0
5.00E+01,5.00E+01,3.00E+01,3.00E+01,0,Halate,1,0
4.00E+01,6.00E+01,1.00E+01,4.00E+01,0,Halba,1,0
6.00E+01,4.00E+01,2.00E+01,2.50E+01,0,Halbata,0,1
4.00E+01,6.00E+01,1.00E+01,3.00E+01,0,Halloussiyeh,1,0
5.10E+01,4.90E+01,4.00E+01,2.00E+01,0,Hamat,1,0
5.20E+01,4.80E+01,4.50E+01,2.50E+01,1,Hammana,0,0
4.00E+01,4.00E+01,1.00E+01,2.00E+01,1,Hanaouay,0,0
0.00E+00,0.00E+00,0.00E+00,0.00E+00,0,Hanine,0,0
6.00E+01,4.00E+01,4.00E+01,4.00E+01,1,Haouch El Qinnabeh Rachaya,0,0
0.00E+00,0.00E+00,0.00E+00,0.00E+00,0,Haouch El-Harime,1,0
5.50E+01,4.50E+01,4.00E+00,4.00E+01,0,Haouch En-Nabi,1,0
5.50E+01,4.50E+01,4.00E+01,3.50E+01,0,Haouch Er-Rafqa,1,0
5.00E+01,4.00E+01,1.50E+01,3.00E+01,0,Haouch Hala,1,0
0.00E+00,0.00E+00,0.00E+00,0.00E+00,0,Haouch Snaid,0,0
4.90E+01,5.10E+01,7.00E+00,1.70E+01,0,Haouch Tall Safiyeh,1,0
0.00E+00,0.00E+00,0.00E+00,0.00E+00,0,Haouche Barada,1,0
6.00E+01,4.00E+01,1.00E+01,5.00E+01,0,Haql el Aazimeh,1,0
5.00E+01,5.00E+01,1.00E+01,4.00E+01,0,Harabta,1,0
5.00E+01,5.00E+01,1.50E+01,2.50E+01,0,Haret Es-Sit,1,0
6.00E+01,3.00E+01,1.00E+01,2.00E+01,0,Haret Fouar,1,0
0.00E+00,0.00E+00,0.00E+00,0.00E+00,0,Haret Hreik,1,0
5.10E+01,4.90E+01,2.00E+01,1.50E+01,0,Haret Jandal,1,0
5.50E+01,4.50E+01,3.00E+01,3.50E+01,0,Haret Saida,1,0
4.00E+01,6.00E+01,1.00E+01,2.00E+01,0,Harf,1,0
4.50E+01,5.50E+01,2.00E+01,2.50E+01,0,Harf Es-Sayad,1,0
0.00E+00,0.00E+00,0.00E+00,0.00E+00,0,Haris,0,0
6.50E+01,3.50E+01,1.50E+01,6.00E+01,0,Harouf,1,0
5.50E+01,4.50E+01,1.50E+01,3.50E+01,0,Hasbaiya,1,0
5.00E+01,5.00E+01,2.50E+01,2.00E+01,0,Hasbaiya El-Matn,1,0
4.50E+01,5.50E+01,1.20E+01,3.00E+01,0,Hasrayel,1,0
5.00E+01,5.00E+01,1.00E+01,2.50E+01,0,Hasroun,1,0
0.00E+00,0.00E+00,0.00E+00,0.00E+00,0,Hasrout,0,0
5.50E+01,4.50E+01,5.00E+00,2.50E+01,0,Hayshe,1,0
5.50E+01,4.50E+01,4.00E+00,3.00E+01,0,Hayssa,1,0
5.50E+01,4.50E+01,2.00E+01,2.50E+01,0,Haytla,1,0
5.50E+01,4.50E+01,3.00E+01,2.00E+01,0,Haytoura,1,0
5.00E+01,5.00E+01,1.00E+01,1.50E+01,0,Hayzouq,1,0
0.00E+00,0.00E+00,0.00E+00,0.00E+00,0,Hazerta,0,0
0.00E+00,0.00E+00,0.00E+00,0.00E+00,0,Hazmiyah,0,0
5.00E+01,5.00E+01,1.50E+01,3.50E+01,0,Hazmiyet-Miniyeh,1,0
5.00E+01,5.00E+01,0.00E+00,0.00E+00,1,Hdeine,0,0
5.20E+01,4.80E+01,1.70E+01,6.10E+01,0,Hebbariyeh,1,0
7.00E+01,3.00E+01,5.00E+01,5.00E+00,0,Hedd,1,0
5.20E+01,4.80E+01,1.00E+01,2.00E+01,0,Helouet Rachaya,1,0
0.00E+00,0.00E+00,0.00E+00,0.00E+00,0,Henniyeh,0,0
7.00E+01,3.00E+01,1.00E+01,1.50E+01,1,Heri,0,0
6.00E+01,4.00E+01,1.00E+01,3.00E+01,0,Hermel,1,0
4.00E+01,6.00E+01,1.00E+01,5.00E+00,0,Hidab,1,0
4.00E+01,6.00E+01,1.00E+01,2.50E+01,1,Hilan,0,0
0.00E+00,0.00E+00,0.00E+00,0.00E+00,0,Himlaya,0,0
0.00E+00,0.00E+00,0.00E+00,0.00E+00,0,Hizzine,0,0
6.50E+01,0.00E+00,1.50E+01,2.00E+01,0,Hjoula,1,0
4.50E+01,5.50E+01,1.00E+01,1.80E+01,0,Hlaliyeh ,1,0
5.00E+01,5.00E+01,4.00E+01,2.00E+01,0,Hlaliyeh Saida,1,0
5.20E+01,4.80E+01,2.00E+01,5.00E+01,0,Hmaireh Aakkar,1,0
6.00E+01,4.00E+01,5.00E+00,4.00E+01,0,Hmairi Sour,1,0
4.00E+01,6.00E+01,2.00E+01,2.50E+01,0,Hocheb,1,0
0.00E+00,0.00E+00,0.00E+00,0.00E+00,0,Homsiyeh,0,0
6.00E+01,4.00E+01,1.50E+01,4.50E+01,0,Houaich,1,0
0.00E+00,0.00E+00,0.00E+00,0.00E+00,0,Houla,0,0
5.20E+01,4.80E+01,1.50E+01,3.00E+01,0,Houmine El-Faouqa,1,0
5.50E+01,4.50E+01,1.50E+01,2.50E+01,0,Houmine Et-Tahta,1,0
6.00E+01,4.00E+01,2.00E+01,2.00E+01,0,Howara,1,0
5.10E+01,4.90E+01,1.50E+01,3.50E+01,0,Hrajel,1,0
5.50E+01,4.50E+01,1.00E+01,2.50E+01,0,Hrar,1,0
5.50E+01,4.50E+01,1.00E+01,2.00E+01,0,Hsarat,1,0
5.20E+01,4.80E+01,4.00E+01,3.00E+01,0,Hsayn,1,0
0.00E+00,0.00E+00,0.00E+00,0.00E+00,0,Hsoun,0,0
6.00E+01,4.00E+01,3.00E+01,4.00E+01,0,Iaat,1,0
0.00E+00,0.00E+00,0.00E+00,0.00E+00,0,Ibl Es-Saqi,1,0
3.50E+01,2.50E+01,3.00E+01,3.00E+01,0,Idbil,1,0
6.00E+01,4.00E+01,1.00E+01,1.50E+01,0,Ighmid,1,0
5.00E+01,5.00E+01,2.00E+01,2.00E+01,0,Ijbaa,1,0
5.00E+01,5.00E+01,1.00E+01,3.00E+01,0,Ijdaabrine,1,0
5.00E+01,5.00E+01,1.00E+01,2.00E+01,0,Ilat,1,0
6.00E+01,4.00E+01,1.00E+01,1.50E+01,0,Insariyeh,1,0
4.00E+01,6.00E+01,2.00E+01,8.00E+01,0,Izal,1,0
0.00E+00,0.00E+00,0.00E+00,0.00E+00,0,Jaaita,0,0
5.50E+01,4.50E+01,1.50E+01,3.00E+01,0,Jadra,1,0
4.00E+01,6.00E+01,0.00E+00,0.00E+00,0,Jahliyeh,1,0
5.50E+01,4.50E+01,3.00E+01,3.00E+01,0,Jaj,1,0
5.30E+01,4.70E+01,0.00E+00,0.00E+00,0,Jall Ed-Dib,1,0
0.00E+00,0.00E+00,0.00E+00,0.00E+00,0,Janneh Mar Sarkis,0,0
5.00E+01,5.00E+01,2.00E+01,2.00E+01,0,Jarbata,1,0
4.00E+01,6.00E+01,1.50E+01,2.00E+01,0,Jarjouaa,1,0
5.00E+01,5.00E+01,3.50E+01,3.00E+01,0,Jarmaq,1,0
6.00E+01,4.00E+01,8.00E+00,1.60E+01,0,Jbaa En-Nabatiyeh,1,0
5.10E+01,4.90E+01,1.50E+01,3.00E+01,1,Jbaa En-Nabatiyeh-Ein-Boswar,0,0
0.00E+00,0.00E+00,0.00E+00,0.00E+00,0,Jbal El-Botm,1,0
6.00E+01,4.00E+01,3.00E+01,3.50E+01,1,Jbeil,0,0
0.00E+00,0.00E+00,0.00E+00,0.00E+00,0,Jbouleh,0,0
5.00E+01,5.00E+01,1.60E+01,2.00E+01,1,Jdaidet Ghazir,0,0
5.50E+01,4.50E+01,1.50E+01,2.50E+01,0,Jdaidet Marjaayoun,1,0
5.20E+01,4.80E+01,3.00E+01,5.20E+01,0,Jdeidet Ech-Chouf,1,0
6.00E+01,4.00E+01,2.00E+01,3.00E+01,0,Jdidet Ej-Joumeh,1,0
6.00E+01,4.00E+01,1.00E+01,2.00E+01,1,Jdita,0,0
5.50E+01,4.50E+01,3.00E+01,3.00E+01,0,Jebrayel,1,0
6.00E+01,4.00E+01,4.00E+01,3.00E+01,1,Jenjlaya,0,0
0.00E+00,0.00E+00,0.00E+00,0.00E+00,0,Jennata,0,0
4.50E+01,4.00E+01,4.00E+00,1.70E+01,0,Jensnaya,1,0
4.00E+01,3.50E+01,5.00E+00,1.50E+01,0,Jenta,1,0
5.50E+01,4.50E+01,3.00E+00,1.50E+01,0,Jeoddayel Jbeil,1,0
5.40E+01,4.60E+01,1.50E+01,1.00E+01,0,Jermanya,1,0
5.00E+01,5.00E+01,7.00E+01,1.00E+01,0,Jernaya,1,0
5.00E+01,5.00E+01,4.00E+01,3.00E+01,0,Jezzine-Ain Majdelin,1,0
5.20E+01,4.80E+01,5.00E+00,3.00E+01,0,Jibchit,1,0
5.00E+01,5.00E+01,1.00E+01,1.00E+01,1,Jiyeh,0,0
6.00E+01,4.00E+01,6.00E+01,1.50E+01,0,Jmailiyeh,1,0
5.40E+01,4.60E+01,2.50E+01,2.00E+01,0,Jouaiya,1,0
5.50E+01,4.50E+01,1.50E+01,3.50E+01,0,Jouar El-Haouz,1,0
6.00E+01,4.00E+01,1.50E+01,1.00E+01,0,Joubb Jannine,1,0
0.00E+00,0.00E+00,0.00E+00,0.00E+00,0,Joun,0,0
0.00E+00,0.00E+00,0.00E+00,0.00E+00,0,Jounie ,0,0
6.00E+01,4.00E+01,1.00E+01,3.00E+01,0,Jouret Arsoun,1,0
0.00E+00,0.00E+00,0.00E+00,0.00E+00,0,Jouret Bedrane,1,0
0.00E+00,0.00E+00,0.00E+00,0.00E+00,0,Jouret E-Tourmos,0,0
4.00E+01,6.00E+01,3.00E+01,1.00E+01,1,Jouret El-Ballout,0,0
5.00E+01,5.00E+01,1.50E+01,1.80E+01,0,Kafr,1,0
4.80E+01,4.20E+01,2.00E+01,1.60E+01,1,Kafr Harra,0,0
0.00E+00,0.00E+00,0.00E+00,0.00E+00,0,Kafr Hatna,0,0
5.00E+01,5.00E+01,2.50E+01,3.50E+01,0,Kafr Jarrah,1,0
6.00E+01,4.00E+01,3.50E+01,3.00E+01,0,Kafr Saroun,1,0
6.00E+01,4.00E+01,2.00E+01,6.00E+01,0,Kafr horra,1,0
6.00E+01,4.00E+01,3.00E+01,6.00E+01,0,Kafra Bent Jbeil,1,0
4.00E+01,6.00E+01,4.00E+01,6.00E+01,0,Kafraiya West Bekaa,1,0
5.00E+01,5.00E+01,1.50E+01,4.00E+01,0,Kafraya El-Koura,1,0
0.00E+00,0.00E+00,0.00E+00,0.00E+00,0,Kafrkida,0,0
4.60E+01,4.30E+01,2.50E+01,3.50E+01,0,Kafrnoun,1,0
5.50E+01,4.50E+01,4.00E+01,1.50E+01,0,Kafrya,1,0
7.00E+01,3.00E+01,1.90E+01,1.50E+01,1,Kaftoun,0,0
4.50E+01,5.50E+01,2.00E+01,2.50E+01,0,Kahef Maloul,1,0
0.00E+00,0.00E+00,0.00E+00,0.00E+00,0,Kahhaleh,0,0
5.50E+01,4.50E+01,1.50E+01,1.00E+01,0,Kahlouniet Ech-Chouf,1,0
4.00E+01,6.00E+01,1.00E+01,6.00E+01,0,Kamed El-Laouz,1,0
5.00E+01,5.00E+01,2.00E+01,1.50E+01,0,Kaoukaba Bou Arab,1,0
5.50E+01,4.50E+01,2.00E+01,2.00E+01,0,Kaoukaba Hasbaiya,1,0
6.00E+01,4.00E+01,2.00E+01,4.00E+01,0,Kaoutariyet Es-Siyad,1,0
0.00E+00,0.00E+00,0.00E+00,0.00E+00,0,Karkha,0,0
4.40E+01,5.50E+01,4.00E+01,2.00E+01,0,Karm El-Mohr,1,0
4.00E+01,6.00E+01,1.00E+01,2.00E+01,0,Karm Saddeh,1,0
4.00E+01,6.00E+01,1.00E+00,4.00E+01,0,Karm Zebdine,1,0
5.50E+01,4.50E+01,4.00E+01,3.00E+01,0,Ketermaya,1,0
4.00E+01,6.00E+01,7.00E+00,3.00E+01,0,Keyfoun,1,0
5.20E+01,4.80E+01,2.50E+01,3.00E+01,0,Kfar Aabida,1,0
5.00E+01,5.00E+01,2.00E+01,1.00E+01,0,Kfar Aamay,1,0
5.10E+01,4.90E+01,3.00E+01,0.00E+00,0,Kfar Aaqab,1,0
5.50E+01,4.50E+01,2.00E+01,3.00E+01,0,Kfar Aaqqa,1,0
4.00E+01,6.00E+01,1.00E+01,2.00E+01,0,Kfar Baal,1,0
4.00E+01,6.00E+01,1.00E+00,6.00E+01,0,Kfar Beit,1,0
5.20E+01,4.80E+01,1.30E+01,6.00E+01,0,Kfar Bibnine,1,0
5.00E+01,5.00E+01,2.00E+01,3.00E+01,0,Kfar Chellal,1,0
0.00E+00,0.00E+00,0.00E+00,0.00E+00,0,Kfar Chellane,1,0
0.00E+00,0.00E+00,0.00E+00,0.00E+00,0,Kfar Chima,1,0
0.00E+00,0.00E+00,0.00E+00,0.00E+00,0,Kfar Chouba,1,0
2.00E+01,1.50E+01,1.70E+01,2.00E+01,0,Kfar Dane,1,0
5.50E+01,4.50E+01,1.00E+01,4.00E+01,0,Kfar Denis,1,0
4.00E+01,6.00E+01,3.00E+01,3.00E+01,0,Kfar Dibiane,1,0
5.50E+01,4.50E+01,1.00E+01,2.00E+01,0,Kfar Dounine,1,0
6.50E+01,3.50E+01,3.50E+01,2.00E+01,0,Kfar Falous,1,0
3.00E+01,4.00E+01,1.00E+01,1.00E+01,0,Kfar Faqoud,1,0
5.00E+01,5.00E+01,3.00E+01,3.00E+01,0,Kfar Habou,0,1
5.50E+01,4.50E+01,1.00E+01,1.50E+01,0,Kfar Hamam,1,0
3.75E+01,6.25E+01,2.00E+01,7.00E+01,0,Kfar Hatta Saida,1,0
5.50E+01,4.50E+01,2.00E+01,3.50E+01,1,Kfar Hay,0,0
4.50E+01,5.50E+01,3.00E+01,4.00E+01,0,Kfar Hazir,1,0
0.00E+00,0.00E+00,0.00E+00,0.00E+00,0,Kfar Heam,0,0
6.00E+01,4.00E+01,2.50E+01,4.00E+01,0,Kfar Hilda,1,0
4.00E+01,4.00E+01,2.00E+01,1.00E+01,0,Kfar Houneh,1,0
5.20E+01,4.80E+01,1.00E+01,2.00E+01,1,Kfar Jreif,0,0
6.00E+01,4.00E+01,3.00E+01,3.00E+01,0,Kfar Kila,1,0
5.50E+01,4.50E+01,2.00E+01,2.00E+01,0,Kfar Matta,1,0
6.50E+01,3.50E+01,1.50E+01,2.00E+01,0,Kfar Melki Saida,1,0
5.50E+01,4.50E+01,3.00E+01,3.00E+01,0,Kfar Nabrakh,1,0
0.00E+00,0.00E+00,0.00E+00,0.00E+00,0,Kfar Niss,0,0
0.00E+00,0.00E+00,0.00E+00,0.00E+00,0,Kfar Qatra,0,0
4.00E+01,6.00E+01,2.00E+01,1.00E+01,0,Kfar Qouq,1,0
5.10E+01,4.90E+01,8.00E+00,3.00E+01,0,Kfar Roummane,1,0
5.20E+01,4.80E+01,5.00E+00,2.00E+01,0,Kfar Selouane,1,0
5.50E+01,4.50E+01,1.40E+01,2.50E+01,0,Kfar Sir,1,0
5.00E+01,5.00E+01,3.00E+01,2.00E+01,0,Kfar Tay El-Matn,1,0
5.50E+01,4.50E+01,1.50E+01,3.00E+01,0,Kfar Tibnit,1,0
6.50E+01,4.50E+01,3.50E+01,4.50E+01,0,Kfar michki,1,0
0.00E+00,0.00E+00,0.00E+00,0.00E+00,0,Kfardlaqous,0,0
5.50E+01,4.50E+01,1.00E+01,3.50E+01,0,Kfarfila,1,0
5.00E+01,5.00E+01,1.00E+01,6.00E+01,0,Kfarfou,1,0
0.00E+00,0.00E+00,0.00E+00,0.00E+00,1,Kfarhata ,0,0
0.00E+00,0.00E+00,0.00E+00,0.00E+00,1,Kfarhata Zgharta,0,0
4.70E+01,5.30E+01,1.60E+01,7.00E+00,0,Kfarsghab,1,0
5.50E+01,4.50E+01,5.00E+00,2.50E+01,0,Kfartoun,1,0
6.00E+01,4.00E+01,2.50E+01,2.00E+01,0,Kfaryachit,1,0
4.50E+01,5.50E+01,2.00E+01,2.00E+01,0,Kfarzabad,1,0
0.00E+00,0.00E+00,0.00E+00,0.00E+00,0,Kfarzaina,1,0
6.00E+01,4.00E+01,1.00E+01,2.50E+01,0,Kfoun,1,0
3.50E+01,6.50E+01,1.50E+01,1.50E+01,0,Kfour El-Aarbi,1,0
4.00E+01,4.00E+01,1.50E+01,4.00E+01,0,Kfour En-Nabatieh,1,0
5.50E+01,4.50E+01,2.20E+01,2.00E+01,0,Khalwat,1,0
5.50E+01,4.50E+01,2.50E+01,3.50E+01,0,Kharbe,1,0
6.50E+01,3.50E+01,2.50E+01,1.50E+01,0,Kharnoub,1,0
6.00E+01,4.00E+01,7.00E+00,3.50E+01,0,Khartoum,1,0
5.00E+01,5.00E+01,2.00E+00,3.00E+01,0,Khat el Petrol,1,0
0.00E+00,0.00E+00,0.00E+00,0.00E+00,0,Khayayeb Saida,1,0
0.00E+00,0.00E+00,0.00E+00,0.00E+00,0,Khereibet Ech-Chouf,0,0
5.00E+01,5.00E+01,3.00E+01,2.50E+01,0,Khinchara,1,0
5.50E+01,4.50E+01,6.00E+00,3.00E+01,0,Khirbet Bisri,1,0
5.50E+01,4.50E+01,1.00E+01,2.00E+01,0,Khirbet Char,1,0
6.00E+01,4.00E+01,5.00E+00,2.40E+01,0,Khirbet Daoud Aakkar,1,0
5.50E+01,4.50E+01,1.50E+01,6.00E+01,0,Khirbet Jord,1,0
6.50E+01,3.50E+01,6.00E+01,2.00E+01,0,Khirbet Qanafar,1,0
5.50E+01,4.50E+01,1.00E+01,6.00E+01,0,Khirbet Rouha,1,0
0.00E+00,0.00E+00,0.00E+00,0.00E+00,0,Khirbet Selm,0,0
0.00E+00,0.00E+00,0.00E+00,0.00E+00,0,Khiyam Marjaayoun,0,0
6.00E+01,4.00E+01,1.00E+01,2.50E+01,0,Khodr Baalbek,1,0
6.00E+01,4.00E+01,3.00E+01,4.50E+01,0,Khreibet Baabda,1,0
6.50E+01,3.50E+01,1.00E+01,3.00E+01,0,Khreibet Ej-Jindi,1,0
0.00E+00,0.00E+00,0.00E+00,0.00E+00,0,Khzaiz,0,0
6.00E+01,4.00E+01,1.00E+01,3.10E+01,0,Kleyleh,1,0
6.00E+01,4.00E+01,2.00E+01,3.00E+01,0,Kneisset Aakkar,1,0
5.50E+01,4.50E+01,5.00E+01,3.00E+01,0,Kneisset Ech-Chouf,1,0
0.00E+00,0.00E+00,0.00E+00,0.00E+00,0,Kneisset Sour,0,0
5.50E+01,4.50E+01,2.00E+00,3.00E+01,0,Kouachra,1,0
5.30E+01,4.70E+01,1.80E+01,3.50E+01,1,Kouakh,0,0
5.50E+01,4.50E+01,1.00E+01,3.00E+01,0,Koueikhat,1,0
4.90E+01,5.10E+01,1.50E+01,2.50E+01,0,Kounine,1,0
6.00E+01,4.00E+01,2.00E+01,6.00E+01,1,Kour,0,0
5.50E+01,4.50E+01,2.00E+01,2.50E+01,0,Kousba,1,0
5.50E+01,4.50E+01,5.00E+00,3.00E+01,0,Kroum El-Aarab,0,1
0.00E+00,0.00E+00,0.00E+00,0.00E+00,0,Laboueh,0,0
4.30E+01,5.70E+01,2.20E+01,3.30E+01,0,Lala,1,0
0.00E+00,0.00E+00,0.00E+00,0.00E+00,0,Laqlouq,0,0
3.50E+01,6.50E+01,2.00E+00,3.00E+00,1,Lassa,0,0
5.10E+01,4.90E+01,2.00E+01,2.00E+01,0,Lebaa,1,0
5.10E+01,4.90E+01,2.00E+01,3.00E+01,0,Lehfed,1,0
0.00E+00,0.00E+00,0.00E+00,0.00E+00,0,Libbaya West Bekaa,0,0
5.50E+01,4.50E+01,3.00E+01,3.00E+01,0,Louayzet Jezzine,1,0
4.90E+01,5.10E+01,1.80E+01,2.00E+01,0,Loubieh,1,0
4.50E+01,5.50E+01,2.00E+01,2.50E+01,0,Maad,1,0
4.50E+01,4.50E+01,2.00E+01,1.00E+01,0,Maarab,1,0
5.50E+01,4.50E+01,8.00E+00,1.50E+01,0,Maaraboun,0,1
4.90E+01,5.10E+01,2.00E+01,3.50E+01,0,Maarakeh,1,0
0.00E+00,0.00E+00,0.00E+00,0.00E+00,0,Maaroub,0,0
5.00E+01,5.00E+01,2.00E+01,2.00E+01,0,Maasrati,1,0
5.00E+01,5.00E+01,3.00E+01,2.50E+01,0,Maasser Beit Ed-Dine,1,0
4.50E+01,5.50E+01,1.00E+01,4.00E+01,0,Maasser Ech-Chouf,1,0
5.00E+01,5.00E+01,2.00E+01,3.00E+01,0,Maaysra Kesrouane,1,0
5.50E+01,4.50E+01,9.20E+00,1.99E+01,0,Machghara,1,0
4.50E+01,5.50E+01,5.00E+00,1.00E+01,0,Machha,1,0
4.80E+01,5.20E+01,3.00E+01,2.50E+01,0,Machmoucheh,1,0
6.00E+01,4.00E+01,1.50E+01,5.50E+01,0,Machta Hammoud,1,0
5.30E+01,4.70E+01,1.00E+01,3.50E+01,0,Machta Hassan,1,0
5.40E+01,4.60E+01,4.00E+01,6.00E+01,0,Maghdoucheh,1,0
4.00E+01,6.00E+01,1.00E+01,2.00E+01,1,Magher wbala,0,0
6.00E+01,4.00E+01,5.00E+00,2.00E+01,0,Mahrouna,1,0
5.50E+01,4.50E+01,1.50E+01,2.00E+01,0,Majdala,1,0
5.00E+01,5.00E+01,1.50E+01,3.00E+01,0,Majdaloun,1,0
3.00E+01,2.00E+01,5.00E+01,1.00E+01,0,Majdalouna,1,0
4.80E+01,5.20E+01,5.00E+00,2.00E+01,0,Majdel,1,0
0.00E+00,0.00E+00,0.00E+00,0.00E+00,0,Majdel Aanjar,1,0
5.20E+01,4.80E+01,1.50E+01,4.00E+01,0,Majdel Baana,1,0
6.00E+01,4.00E+01,1.00E+01,1.50E+01,0,Majdel Balhis,1,0
3.50E+01,4.50E+01,1.50E+01,4.00E+01,0,Majdel El-Aqoura,1,0
6.00E+01,4.00E+01,2.00E+01,3.00E+01,0,Majdel El-Meouch,1,0
5.20E+01,4.80E+01,1.20E+01,1.50E+01,0,Majdel Selm,1,0
5.00E+01,5.00E+01,2.00E+01,6.00E+01,0,Majdel el-Koura,1,0
0.00E+00,0.00E+00,0.00E+00,0.00E+00,0,Majdel tarchich,0,0
4.00E+01,6.00E+01,1.00E+01,4.50E+01,0,Majdelyoun,1,0
4.50E+01,5.50E+01,1.00E+01,4.00E+01,0,Majdelzoun,1,0
0.00E+00,0.00E+00,0.00E+00,0.00E+00,0,Maknounet Jezzine,0,0
5.00E+01,5.00E+01,1.00E+01,3.00E+01,0,Makseh,1,0
4.60E+01,5.40E+01,6.00E+00,3.00E+01,0,Malkiyah Village,1,0
5.50E+01,4.50E+01,2.00E+00,1.20E+01,0,Mansoura,1,0
6.50E+01,3.50E+01,1.00E+01,1.00E+01,0,Mansoura ,0,1
0.00E+00,0.00E+00,0.00E+00,0.00E+00,0,Mansouri,0,0
5.00E+01,5.00E+01,3.00E+01,3.00E+01,0,Mansouriyet Bhamdoun,1,0
6.00E+01,4.00E+01,1.00E+01,5.00E+01,0,Maqneh,1,0
5.00E+01,5.00E+01,3.50E+01,2.00E+01,0,Mar Boutros Karm Et-Tine,1,0
6.00E+01,4.00E+01,5.00E+00,3.00E+01,1,Mar Chaaya,0,0
4.00E+01,6.00E+01,1.20E+01,5.00E+00,0,Mar Mama,1,0
0.00E+00,0.00E+00,0.00E+00,0.00E+00,0,Mar Moussa Ed-Douar,0,0
0.00E+00,0.00E+00,0.00E+00,0.00E+00,0,Marj Barja,0,0
5.50E+01,4.50E+01,1.20E+01,2.00E+01,0,Marj Ez-Zouhour (Haouch El-Qinnaabeh),1,0
0.00E+00,0.00E+00,0.00E+00,0.00E+00,0,Marjaba,0,0
5.50E+01,4.50E+01,1.50E+01,2.50E+01,0,Markaba,1,0
0.00E+00,0.00E+00,0.00E+00,0.00E+00,0,Maroun Er-Ras,0,0
5.00E+01,5.00E+01,3.00E+01,7.00E+01,0,Massa,1,0
6.00E+01,4.00E+01,2.00E+01,2.50E+01,0,Massaaoudiyeh,1,0
5.50E+01,4.50E+01,1.50E+01,1.50E+01,0,Mayasseh,1,0
5.00E+01,5.00E+01,1.50E+01,5.00E+01,0,Maydoun,1,0
5.50E+01,4.50E+01,6.00E+00,1.50E+01,0,Mayfadoun,1,0
0.00E+00,0.00E+00,0.00E+00,0.00E+00,0,Mayfouq,0,0
6.00E+01,4.00E+01,4.00E+01,3.00E+01,0,Mayrouba,1,0
5.50E+01,4.50E+01,1.00E+01,2.00E+01,0,Mazareaa Jabal Akroum,1,0
6.00E+01,4.00E+01,4.00E+01,1.50E+01,0,Mazraat Assaf,1,0
6.00E+01,4.00E+01,5.00E+00,1.50E+01,0,Mazraat Balda,1,0
5.10E+01,4.90E+01,2.00E+01,1.00E+01,0,Mazraat Bani Saab,1,0
4.00E+01,6.00E+01,2.00E+01,3.00E+01,0,Mazraat Bani Sakher,0,1
5.10E+01,4.90E+01,1.20E+01,1.20E+01,0,Mazraat Beit Ghattas,1,0
5.10E+01,4.90E+01,1.00E+01,3.00E+01,0,Mazraat Ech-Chouf,1,0
5.00E+01,5.00E+01,3.00E+01,3.00E+01,0,Mazraat El-Hdaira,1,0
6.00E+01,4.00E+01,3.00E+01,5.00E+00,0,Mazraat El-Mathane,1,0
5.20E+01,4.80E+01,2.50E+01,1.50E+01,0,Mazraat Es-Dahr,1,0
5.10E+01,4.90E+01,2.50E+01,3.00E+01,0,Mazraat Et-Teffah,1,0
6.00E+01,4.00E+01,3.00E+01,1.00E+01,0,Mazraat Ez-Zalloutiyeh,1,0
4.00E+01,6.00E+01,3.50E+01,4.00E+01,0,Mazraat Harkish,1,0
5.00E+01,5.00E+01,1.50E+01,3.00E+01,0,Mazraat Hokka,1,0
5.50E+01,4.50E+01,1.50E+01,4.50E+01,1,Mazraat Mechref,0,0
0.00E+00,0.00E+00,0.00E+00,0.00E+00,0,Mazraat Nahr Zgharta,0,0
6.00E+01,4.00E+01,1.50E+01,4.00E+01,0,Mazraat Swaidan,1,0
5.40E+01,4.60E+01,1.10E+01,4.80E+01,0,Mazraat Yachouaa,1,0
6.00E+01,4.00E+01,2.00E+01,3.00E+01,0,Mazraat beit Mchaik,1,0
0.00E+00,0.00E+00,0.00E+00,0.00E+00,0,Mchaneh,0,0
4.50E+01,5.50E+01,3.00E+01,6.00E+01,0,Mcherfeh,1,0
0.00E+00,0.00E+00,0.00E+00,0.00E+00,0,Mchikha,0,0
5.50E+01,4.50E+01,2.00E+01,2.50E+01,0,Mdoukha,1,0
5.00E+01,5.00E+01,1.50E+01,3.00E+01,0,Mechref,1,0
5.30E+01,4.70E+01,1.00E+01,4.00E+01,0,Mehmarch,1,0
6.50E+01,3.50E+01,3.00E+01,3.00E+01,0,Meimes,1,0
5.50E+01,4.50E+01,1.50E+01,3.50E+01,0,Meiss Ej-Jabal,1,0
5.00E+01,5.00E+01,1.50E+01,1.00E+01,0,Mejdlaiya,1,0
6.00E+01,4.00E+01,3.00E+01,3.00E+01,0,Mejdlaiya Zgharta,1,0
2.70E+03,2.30E+03,0.00E+00,0.00E+00,1,Menneaa,0,0
0.00E+00,0.00E+00,0.00E+00,0.00E+00,0,Meri,1,0
4.50E+01,5.50E+01,1.50E+01,2.50E+01,0,Merkebta,1,0
4.00E+01,6.00E+01,2.00E+01,3.00E+01,0,Merouahine,1,0
4.90E+01,5.10E+01,1.20E+01,5.00E+01,0,Merouaniyeh,1,0
0.00E+00,0.00E+00,0.00E+00,0.00E+00,0,Metrit,1,0
5.30E+01,4.70E+01,1.20E+01,3.00E+01,0,Mghairiyeh Ech-Chouf,1,0
0.00E+00,0.00E+00,0.00E+00,0.00E+00,0,Mghayreh Jbeil,0,0
0.00E+00,0.00E+00,0.00E+00,0.00E+00,0,Mhaibib,0,0
5.10E+01,4.90E+01,1.10E+01,3.00E+01,1,Mhaiydseh Rachaya,0,0
6.00E+01,4.00E+01,1.50E+01,4.50E+01,0,Mhammaret,1,0
4.00E+01,6.00E+01,4.00E+01,2.50E+01,0,Mharbiyeh,1,0
5.20E+01,4.80E+01,1.30E+01,2.50E+01,0,Michmich Jbeil,1,0
4.00E+01,6.00E+01,2.00E+00,0.00E+00,0,Midane Jezzine,1,0
6.00E+01,4.00E+01,1.50E+01,2.00E+01,0,Mina ,1,0
5.20E+01,4.80E+01,1.00E+01,6.00E+01,0,Minie,1,0
6.00E+01,4.00E+01,4.00E+01,3.00E+01,0,Minyara,1,0
5.30E+01,4.70E+01,5.00E+00,6.50E+01,0,Miriata,1,0
6.00E+01,4.00E+01,2.00E+01,4.00E+01,0,Miyeh ou Miyeh,1,0
6.00E+01,4.00E+01,2.00E+01,2.00E+01,1,Miziara,0,0
5.00E+01,5.00E+01,1.00E+01,5.00E+01,0,Mjaydel Jezzine,1,0
5.50E+01,4.50E+01,2.00E+01,2.00E+01,0,Mlikh,1,0
0.00E+00,0.00E+00,0.00E+00,0.00E+00,0,Mohtaqra,0,0
5.90E+01,4.10E+01,2.00E+01,4.50E+01,0,Moqaylbeh,0,1
4.00E+01,6.00E+01,2.00E+01,3.50E+01,0,Moqraq,1,0
5.00E+01,5.00E+01,4.00E+01,2.00E+01,0,Moshrea,1,0
5.00E+01,5.00E+01,1.50E+01,2.50E+01,0,Motel,1,0
5.50E+01,4.50E+01,1.50E+01,3.00E+01,0,Mouanse,1,0
5.50E+01,4.50E+01,3.00E+01,3.00E+01,0,Moukhtara,1,0
5.50E+01,4.50E+01,2.00E+01,4.50E+01,0,Mounjez,1,0
0.00E+00,0.00E+00,0.00E+00,0.00E+00,0,Mounsef,0,0
5.40E+01,4.60E+01,1.00E+01,3.90E+01,0,Mqaiteaa,0,1
4.00E+01,6.00E+01,3.50E+01,2.00E+01,0,Mrah El-Hbasse,1,0
4.00E+01,6.00E+01,2.00E+01,3.00E+01,0,Mrah Es-Sfire,1,0
2.00E+01,5.00E+01,2.00E+01,5.00E+01,0,Mrah Es-Srayj,1,0
5.50E+01,4.50E+01,1.00E+01,1.30E+01,0,Mrah Ez Ziyat,1,0
6.50E+01,3.50E+01,6.00E+00,7.00E+00,0,Mrah Kwakh,1,0
5.00E+01,5.00E+01,1.50E+01,3.50E+01,0,Mraijat,1,0
6.50E+01,3.50E+01,5.00E+00,5.00E+00,0,Mrayjat Zahleh,1,0
5.20E+01,4.80E+01,1.50E+01,3.00E+01,0,Mristi,1,0
3.00E+01,7.00E+01,2.00E+01,5.00E+01,0,Mrouj,1,0
5.00E+01,5.00E+01,2.00E+01,4.00E+01,0,Mtayleb,1,0
4.90E+01,5.10E+01,5.20E+01,4.60E+01,0,Mtolleh,1,0
5.00E+01,5.00E+01,2.00E+01,2.00E+01,0,Mzraat Kefraya,1,0
1.13E+01,8.87E+01,9.70E+00,3.70E+01,0,Nabatiyeh,0,1
4.00E+01,6.00E+01,2.00E+01,2.00E+01,0,Nabatiyeh El-Faouka,1,0
0.00E+00,0.00E+00,0.00E+00,0.00E+00,0,Nabay,0,0
4.00E+01,6.00E+01,1.50E+01,6.00E+01,0,Nabha Ed-Damdoum,1,0
6.00E+01,4.00E+01,4.00E+01,5.00E+01,0,Nabha Mehfara,1,0
5.00E+01,5.00E+01,5.00E+01,4.00E+01,0,Nabha Qoudam,1,0
5.50E+01,4.50E+01,1.50E+01,6.00E+01,1,Nabi Ayla,0,0
5.10E+01,4.90E+01,1.20E+01,2.00E+01,0,Nabi Chit,1,0
4.00E+01,6.00E+01,2.00E+01,5.00E+01,1,Nabi Osmane,0,0
4.00E+01,6.00E+01,2.00E+01,3.00E+01,0,Nahleh Baalbek,1,0
6.00E+01,4.00E+01,3.00E+01,3.00E+01,0,Nahmeh,1,0
5.50E+01,4.50E+01,1.50E+01,3.00E+01,0,Nahr Ibrahim,1,0
5.00E+01,5.00E+01,1.00E+01,3.00E+01,0,Najjariyeh,1,0
7.50E+01,2.50E+01,1.50E+01,6.50E+01,1,Nakhleh,0,0
6.00E+01,4.00E+01,1.50E+01,4.00E+01,0,Naoura El-Faouqa,1,0
6.00E+01,4.00E+01,1.00E+01,6.00E+01,0,Nasriyet Zahleh,1,0
6.00E+01,4.00E+01,1.00E+01,1.50E+01,0,Nfisseh,1,0
6.00E+01,4.00E+01,1.00E+01,1.50E+01,0,Niha El-Chouf,1,0
6.00E+01,4.00E+01,3.00E+01,3.50E+01,0,Niha Zahleh,1,0
4.50E+01,5.50E+01,3.00E+01,2.00E+01,1,Nimrine,0,0
2.00E+01,8.00E+01,1.50E+01,2.00E+01,1,Nmairiyeh,0,0
4.00E+01,6.00E+01,1.50E+01,3.00E+01,0,Ouada,1,0
3.00E+01,7.00E+01,1.50E+01,3.50E+01,0,Ouadi Baanqoudaine,1,0
6.00E+01,4.00E+01,2.00E+01,2.00E+00,0,Ouadi Banhlay,1,0
3.10E+01,6.90E+01,1.20E+01,2.00E+00,0,Ouadi Chahine,1,0
6.00E+01,4.00E+01,3.00E+01,1.50E+01,0,Ouadi Chahrour El Aaoulia,1,0
5.20E+01,4.80E+01,2.00E+01,2.00E+01,0,Ouadi Chahrour Es-Soufla,1,0
4.00E+01,6.00E+01,0.00E+00,1.20E+01,0,Ouadi Ed-Deir,1,0
6.00E+01,4.00E+01,7.00E+00,3.00E+01,0,Ouadi El-Haour,1,0
5.50E+01,4.50E+01,1.00E+01,3.00E+01,0,Ouadi El-Karm El-Matn,1,0
3.50E+01,6.50E+01,1.10E+01,6.00E+00,0,Ouadi El-Laymoun,1,0
5.00E+01,5.00E+01,2.00E+01,3.00E+01,0,Ouadi Es-Sitt,1,0
5.00E+01,5.00E+01,1.50E+01,6.00E+01,0,Ouadi Faara,1,0
5.50E+01,4.50E+01,5.00E+00,2.50E+01,0,Ouadi Khaled,1,0
6.00E+01,4.00E+01,3.00E+01,6.00E+01,0,Ouadi Nakhleh,0,1
5.20E+01,4.80E+01,3.00E+01,6.00E+01,0,Ouadi Qannoubine,1,0
5.30E+01,4.70E+01,2.00E+01,5.00E+01,0,Ouardaniyeh,1,0
5.30E+01,4.70E+01,1.00E+01,1.50E+01,0,Ouarhaniyeh,1,0
0.00E+00,0.00E+00,0.00E+00,0.00E+00,0,Ouata El-Jaouz,0,0
4.50E+01,5.50E+01,1.50E+01,5.50E+01,0,Qaa Baalbek,0,1
4.70E+01,5.30E+01,1.00E+01,1.50E+01,1,Qaa Er-Rim,0,0
6.00E+01,4.00E+01,1.50E+01,4.50E+01,0,Qaaqaaiyet Ej-Jisr,1,0
5.00E+01,5.00E+01,2.00E+01,1.50E+01,0,Qaaqaiyet Es-Snaoubar,1,0
5.20E+01,4.80E+01,1.50E+01,1.50E+01,0,Qaaqour,1,0
0.00E+00,0.00E+00,0.00E+00,0.00E+00,0,Qabaait,1,0
5.50E+01,4.50E+01,1.50E+01,3.50E+01,0,Qabb Elias,1,0
0.00E+00,0.00E+00,0.00E+00,0.00E+00,0,Qabrikha,0,0
6.00E+01,4.00E+01,2.00E+00,8.50E+01,0,Qachlaq,1,0
4.50E+01,5.50E+01,2.50E+01,2.00E+01,1,Qahmez,0,0
4.00E+01,6.00E+01,1.00E+01,2.00E+01,0,Qalaa,1,0
5.20E+01,4.80E+01,1.50E+01,3.50E+01,0,Qalamoun,1,0
7.00E+01,3.00E+01,2.00E+01,2.50E+01,1,Qalaouiyeh,0,0
5.50E+01,4.50E+01,4.50E+01,2.50E+01,0,Qalhat,1,0
6.00E+01,4.00E+01,1.50E+01,2.50E+01,0,Qannebet Salima,1,0
6.00E+01,4.00E+01,5.00E+01,5.00E+01,0,Qantara,1,0
0.00E+00,0.00E+00,0.00E+00,0.00E+00,0,Qantarat Aakkar,0,0
4.97E+01,5.03E+01,5.23E+00,1.00E+01,0,Qanya,1,0
4.50E+01,5.50E+01,5.00E+01,1.00E+01,0,Qaouzah,1,0
4.90E+01,5.10E+01,3.00E+01,3.00E+01,0,Qaraaoun,1,0
4.50E+01,5.50E+01,7.00E+01,5.00E+00,1,Qarah Bach,0,0
0.00E+00,0.00E+00,0.00E+00,0.00E+00,0,Qardaf,0,0
4.50E+01,5.50E+01,1.50E+01,4.00E+01,0,Qarha,1,0
0.00E+00,0.00E+00,0.00E+00,0.00E+00,0,Qarha Baalbek,0,0
5.50E+01,4.50E+01,2.00E+01,4.00E+01,0,Qarhaiya,0,1
5.50E+01,4.50E+01,6.00E+00,3.20E+01,0,Qarsaita,0,1
5.00E+01,5.00E+01,3.00E+01,3.50E+01,1,Qartaba,0,0
7.00E+01,3.00E+01,1.00E+01,2.00E+01,0,Qaser,1,0
5.00E+01,5.00E+01,1.50E+01,1.50E+01,0,Qatrani,1,0
4.50E+01,5.50E+01,2.50E+01,4.50E+01,0,Qattineh-Miniyeh,1,0
6.00E+01,4.00E+01,3.50E+01,3.00E+01,1,Qaynour,0,0
6.00E+01,4.00E+01,1.20E+01,2.60E+01,1,Qaytouleh,0,0
5.02E+01,4.98E+01,9.50E+00,2.00E+01,1,Qbaiyat Aakkar,0,0
5.00E+01,5.00E+01,1.00E+01,3.50E+01,0,Qelaya,1,0
6.20E+01,3.80E+01,2.20E+01,2.80E+01,1,Qennabet Broummana,0,0
5.50E+01,4.50E+01,1.00E+01,2.00E+01,0,Qennarit,1,0
5.00E+01,5.00E+01,1.00E+01,9.00E+01,0,Qild Es Sabea,1,0
4.90E+01,5.10E+01,1.50E+01,2.00E+01,0,Qlaiaa,1,0
0.00E+00,0.00E+00,0.00E+00,0.00E+00,0,Qlaileh Harfoush,0,0
6.00E+01,4.00E+01,3.00E+01,3.00E+01,0,Qlaileh Sour,1,0
0.00E+00,0.00E+00,0.00E+00,0.00E+00,1,Qleiaat Aakkar,0,0
6.00E+01,4.00E+01,2.00E+01,3.00E+01,0,Qleiaat Kesrouane,1,0
4.00E+01,6.00E+01,8.00E+01,3.00E+01,0,Qloud El-Baqieh,1,0
4.00E+01,6.00E+01,4.00E+01,6.00E+01,0,Qmatiyeh,1,0
5.50E+01,4.50E+01,3.00E+01,1.00E+01,1,Qnat,0,0
5.23E+01,4.77E+01,3.00E+01,3.00E+01,0,Qobbayaa,1,0
5.00E+01,5.00E+01,1.50E+01,8.00E+00,0,Qornayel,1,0
6.20E+01,3.80E+01,1.50E+01,4.00E+01,0,Qornet Aakkar,0,1
5.10E+01,4.90E+01,3.50E+01,4.50E+01,0,Qornet El-Hamra,1,0
6.00E+01,4.00E+01,2.00E+01,3.00E+01,1,Qortada,0,0
6.00E+01,4.00E+01,5.00E+00,1.00E+01,0,Qoubber Chamra,0,1
4.00E+01,6.00E+01,1.50E+01,7.00E+01,0,Qounaitra,1,0
6.00E+01,4.00E+01,3.00E+01,4.00E+01,0,Qoussaya,1,0
3.50E+01,3.80E+01,1.30E+01,1.00E+01,0,Qraine,1,0
5.00E+01,5.00E+01,1.00E+01,3.00E+01,0,Qraiyat,1,0
5.20E+01,4.80E+01,1.00E+01,4.00E+01,0,Qraiyeh,1,0
5.50E+01,4.50E+01,1.00E+01,1.50E+01,0,Qraiyet Jlayse,1,0
7.40E+01,2.60E+01,0.00E+00,0.00E+00,0,Qraiyet Saida,1,0
6.50E+01,3.50E+01,2.00E+01,0.00E+00,1,Qsaibet En-Nabatiyeh,1,0
5.50E+01,4.50E+01,5.00E+00,3.00E+01,0,Qsarnaba,1,0
5.50E+01,4.50E+01,2.00E+01,3.00E+01,0,Raachine,1,0
5.00E+01,5.00E+01,2.50E+01,5.00E+01,0,Raait,1,0
5.50E+01,4.50E+01,3.00E+01,5.00E+01,0,Rabb Et-Tlatine,1,0
3.50E+01,4.00E+01,1.50E+01,2.00E+01,0,Rabieh,1,0
4.00E+01,6.00E+01,3.00E+01,4.00E+01,0,Rachaaine,1,0
5.50E+01,4.50E+01,1.00E+01,5.00E+01,0,Rachaf,1,0
5.10E+01,4.90E+01,3.00E+01,3.50E+01,0,Rachaiya El-Foukhar,1,0
4.00E+01,6.00E+01,2.50E+01,3.50E+01,0,Rachaya El Wadi,1,0
7.00E+01,3.50E+01,4.00E+01,2.50E+01,0,Rafid Rachaya,1,0
6.00E+01,4.00E+01,1.20E+01,2.00E+01,1,Rahbeh,0,0
5.00E+01,5.00E+01,1.00E+01,3.00E+01,0,Ram,1,0
0.00E+00,0.00E+00,0.00E+00,0.00E+00,0,Ramlieh,0,0
6.00E+01,4.00E+01,1.50E+01,5.00E+01,0,Ramyet Bent Jbeil,1,0
5.00E+01,5.00E+01,1.80E+01,3.00E+01,0,Ras Baalbek Ech-Charqi,1,0
4.00E+01,6.00E+01,5.00E+00,1.00E+01,0,Ras El Matn,1,0
4.90E+01,5.10E+01,2.00E+01,1.50E+01,0,Ras El-Href,1,0
5.00E+01,5.00E+01,4.00E+01,1.80E+01,0,Ras Kifa,1,0
6.00E+01,4.00E+01,1.50E+01,1.50E+01,0,Ras Masqa,1,0
5.00E+01,5.00E+01,8.00E+00,3.00E+00,0,Rasha,1,0
5.20E+01,4.80E+01,5.00E+01,5.00E+01,1,Rashana,0,0
6.00E+01,4.00E+01,2.00E+01,5.00E+01,0,Rawda Bekaa,1,0
6.00E+01,4.00E+01,1.00E+01,1.50E+01,0,Rawda Village,1,0
5.00E+01,5.00E+01,3.50E+01,3.50E+01,0,Rayfoun,1,0
5.00E+01,4.50E+01,2.50E+01,4.00E+01,0,Rechdibbine,1,0
4.00E+01,6.00E+01,7.00E+01,3.00E+00,0,Richmaiya,1,0
4.00E+01,6.00E+01,1.00E+01,5.00E+01,0,Rihan Jezzine,1,0
5.50E+01,4.50E+01,7.00E+00,5.00E+00,0,Rihana,1,0
4.00E+01,6.00E+01,5.00E+00,3.50E+01,0,Rihaniyet Aakkar,0,1
5.00E+01,5.00E+01,8.00E+00,1.00E+01,0,Rihaniyet Minie,1,0
6.00E+01,4.00E+01,6.00E+01,4.00E+01,0,Rijmeh,1,0
6.00E+01,4.00E+01,7.00E+01,4.00E+01,0,Rimat,1,0
6.00E+01,4.00E+01,4.00E+01,3.00E+01,0,Rimhala,1,0
4.90E+01,5.10E+01,1.90E+01,1.00E+01,0,Rmadiyeh,1,0
0.00E+00,0.00E+00,0.00E+00,0.00E+00,0,Rmaich,0,0
5.00E+01,5.00E+01,1.50E+01,1.50E+01,0,Rmeilet Ech-Chouf,1,0
5.50E+01,4.50E+01,8.00E+00,2.50E+01,0,Rouayssrt El-Ballout,1,0
5.50E+01,4.50E+01,2.50E+01,2.50E+01,0,Roum,1,0
5.50E+01,4.50E+01,1.50E+01,2.00E+01,0,Roumieh,1,0
6.00E+01,4.00E+01,1.00E+01,5.00E+01,0,Roumine,1,0
6.00E+01,4.00E+01,1.00E+01,3.00E+01,0,Saadine,1,0
5.00E+01,5.00E+01,4.00E+01,4.00E+01,0,Saadnayel,1,0
0.00E+00,0.00E+00,0.00E+00,0.00E+00,0,Saaideh,0,0
5.00E+01,5.00E+01,7.00E+00,1.60E+01,0,Sabbah,1,0
0.00E+00,0.00E+00,0.00E+00,0.00E+00,0,Sadiqine,0,0
0.00E+00,0.00E+00,0.00E+00,0.00E+00,0,Safad Al-Battikh,0,0
5.00E+01,5.00E+01,1.00E+01,2.30E+01,0,Safra Kesrouane,1,0
4.00E+01,6.00E+01,2.00E+01,2.00E+01,0,Saghbine,1,0
0.00E+00,0.00E+00,0.00E+00,0.00E+00,0,Sahle,0,0
5.10E+01,4.90E+01,1.50E+01,4.00E+01,0,Saida,1,0
4.50E+01,5.50E+01,1.00E+01,5.00E+01,0,Saksakiyeh,1,0
6.00E+01,4.00E+01,5.00E+01,1.50E+01,0,Salhiyet Saida,1,0
5.00E+01,5.00E+01,2.00E+01,4.50E+01,0,Salima Baabda,1,0
5.50E+01,4.50E+01,1.00E+01,3.50E+01,0,Sammaqiyeh,1,0
0.00E+00,0.00E+00,0.00E+00,0.00E+00,0,Sanaya,0,0
5.00E+01,5.00E+01,1.50E+01,4.00E+01,0,Saouanet Marjayoun,1,0
0.00E+00,0.00E+00,0.00E+00,0.00E+00,0,Saoufar,0,0
0.00E+00,0.00E+00,0.00E+00,0.00E+00,0,Sarafand,0,0
5.00E+01,5.00E+01,1.80E+01,2.00E+01,0,Sarba En-Nabatieh,1,0
5.00E+01,5.00E+01,1.50E+01,2.00E+01,0,Sariita,1,0
6.00E+01,4.00E+01,1.50E+01,3.50E+01,0,Sarin Fawqa,1,0
4.00E+01,6.00E+01,5.00E+00,2.00E+01,0,Sayssouq,1,0
5.00E+01,5.00E+01,2.00E+01,3.00E+01,1,Sebaal Zgharta,0,0
5.20E+01,4.80E+01,1.80E+01,2.50E+01,0,Sehjoud,1,0
5.00E+01,5.00E+01,2.00E+01,3.00E+01,0,Selaa,1,0
5.20E+01,4.80E+01,1.70E+01,2.00E+01,0,Selaata,1,0
5.50E+01,4.50E+01,1.00E+01,4.00E+01,0,Selfaya,1,0
0.00E+00,0.00E+00,0.00E+00,0.00E+00,0,Semqaniyeh,0,0
6.00E+01,4.00E+01,4.00E+01,3.00E+01,0,Seraal,1,0
4.00E+01,6.00E+01,3.00E+01,7.00E+01,0,Serraaine Et-Tahta,1,0
5.20E+01,4.80E+01,2.00E+01,2.50E+01,0,Sfaray,1,0
5.00E+01,5.00E+01,2.00E+01,2.50E+01,0,Sfaynet El-Qaitaa,1,0
4.50E+01,5.50E+01,3.00E+01,4.00E+01,0,Sfinet Ed-Draib,0,1
5.00E+01,5.00E+01,5.00E+00,4.00E+01,0,Sfireh,1,0
4.30E+01,4.50E+01,3.50E+01,3.00E+01,0,Shawagheer El-Faouqa,1,0
4.00E+01,6.00E+01,3.00E+01,4.00E+01,0,Shayleh Kesrouane,1,0
6.00E+01,4.00E+01,3.00E+01,4.00E+01,0,Sibline,1,0
0.00E+00,0.00E+00,2.00E+01,3.00E+01,0,Sindianet Zeidane,0,1
0.00E+00,0.00E+00,0.00E+00,0.00E+00,0,Sini,0,0
4.90E+01,5.10E+01,1.00E+00,1.70E+01,0,Sinn El-Fil,1,0
0.00E+00,0.00E+00,0.00E+00,0.00E+00,0,Sir Ed-Danniyeh,0,0
5.50E+01,4.50E+01,1.00E+01,3.00E+01,0,Sir El-Gharbiyeh,1,0
5.00E+01,5.00E+01,1.50E+01,1.50E+01,0,Sirhmoul,1,0
5.50E+01,4.50E+01,0.00E+00,0.00E+00,0,Sirjbal,1,0
5.20E+01,4.80E+01,5.00E+00,1.00E+01,0,Sohmor,1,0
5.50E+01,4.50E+01,1.50E+01,1.00E+01,0,Soltan Yacoub el Aradi,1,0
5.00E+01,5.00E+01,3.00E+01,1.00E+01,0,Souairi,1,0
6.00E+01,4.00E+01,2.00E+01,2.50E+01,0,Souaisset Aakkar,1,0
0.00E+00,0.00E+00,0.00E+00,0.00E+00,0,Soufaileh,0,0
5.50E+01,4.50E+01,1.00E+01,3.00E+01,1,Soultaniyet Bent Jbeil,0,0
0.00E+00,0.00E+00,0.00E+00,0.00E+00,0,Souq El-Gharb,0,0
0.00E+00,0.00E+00,0.00E+00,0.00E+00,0,Sour,0,0
6.00E+01,4.00E+01,1.00E+01,3.00E+01,0,Srar,0,1
3.50E+01,6.50E+01,3.00E+01,1.50E+01,1,Srayri,0,0
5.00E+01,5.00E+01,2.00E+01,3.00E+01,0,Srifa,1,0
0.00E+00,0.00E+00,0.00E+00,0.00E+00,1,Srobbine,0,0
5.00E+01,5.00E+01,4.00E+01,6.00E+01,0,Taaid,1,0
5.00E+01,5.00E+01,3.00E+01,2.00E+01,0,Taalbaya,1,0
4.00E+01,6.00E+01,2.00E+01,2.00E+01,0,Taazaniyeh,1,0
0.00E+00,0.00E+00,0.00E+00,0.00E+00,0,Tabarja,0,0
0.00E+00,0.00E+00,0.00E+00,0.00E+00,0,Tahouitat El Ghadir,0,0
5.00E+01,5.00E+01,6.50E+01,5.50E+01,0,Taibet Baalbek,1,0
6.00E+01,4.00E+01,5.00E+00,1.00E+01,0,Tal Aabbas,1,0
6.00E+01,4.00E+01,2.50E+01,2.50E+01,1,Talia,0,0
6.00E+01,4.00E+01,5.00E+00,2.00E+01,0,Tall Aabbas Ech-Charqi,1,0
5.50E+01,4.50E+01,2.00E+01,3.00E+01,0,Tall Bireh,0,1
5.00E+01,5.00E+01,1.50E+01,2.50E+01,0,Tall Hmayra,1,0
6.00E+01,4.00E+01,2.50E+01,3.00E+01,0,Tall Meaayan Tall Kiri,1,0
6.00E+01,4.00E+01,4.00E+00,2.30E+01,0,Tall Znoub,1,0
5.00E+01,5.00E+01,6.50E+01,2.00E+01,1,Tallet Chattaha,0,0
0.00E+00,0.00E+00,0.00E+00,0.00E+00,0,Talloussa,1,0
6.00E+01,4.00E+01,2.50E+01,1.70E+01,0,Tanbourit,1,0
6.00E+01,4.00E+01,7.00E+00,1.50E+01,0,Tannoura,1,0
5.20E+01,4.80E+01,1.00E+01,3.50E+01,0,Tannourine El-Faouqa,1,0
5.20E+01,4.80E+01,1.00E+01,1.50E+01,0,Taraiya,1,0
5.50E+01,4.50E+01,1.00E+01,3.50E+01,0,Tarchich,1,0
5.00E+01,5.00E+01,2.00E+01,2.00E+01,0,Tartij,1,0
5.00E+01,5.00E+01,1.50E+01,1.00E+01,0,Tawfiqiya,1,0
0.00E+00,0.00E+00,0.00E+00,0.00E+00,0,Taybet Matjaayoun,0,0
6.00E+01,4.00E+01,2.00E+01,1.50E+01,0,Tayr Debbeh,1,0
0.00E+00,0.00E+00,0.00E+00,0.00E+00,0,Tayr Falsay,0,0
0.00E+00,0.00E+00,0.00E+00,0.00E+00,0,Tayr Harfa,0,0
5.00E+01,5.00E+01,3.00E+00,3.50E+01,0,Teffahta,1,0
5.50E+01,4.50E+01,1.50E+01,1.50E+01,0,Temnine El-Faouqa,1,0
6.50E+01,3.50E+01,2.50E+01,3.00E+01,0,Temnine Et-Tahta,1,0
6.00E+01,4.00E+01,2.00E+01,1.80E+01,0,Terbol Zahleh,1,0
5.00E+01,5.00E+01,3.00E+01,2.50E+01,0,Thoum,1,0
6.00E+01,4.00E+01,1.50E+01,2.00E+01,0,Tibnine,1,0
6.00E+01,4.00E+01,1.00E+01,4.00E+01,0,Tikrit,1,0
0.00E+00,0.00E+00,0.00E+00,0.00E+00,0,Tiri,0,0
5.20E+01,4.80E+01,5.70E+01,5.30E+01,0,Tleil,1,0
4.00E+01,6.00E+01,5.00E+00,5.00E+01,0,Torbol Menie,1,0
5.50E+01,4.50E+01,2.50E+01,3.50E+01,0,Toula,1,0
5.50E+01,4.50E+01,3.00E+01,2.50E+01,1,Toula El-Batroun,0,0
5.00E+01,5.00E+01,5.00E+00,1.00E+01,0,Touline,1,0
5.70E+01,4.30E+01,1.00E+01,5.50E+01,0,Toura,1,0
5.10E+01,4.90E+01,9.90E+01,9.90E+01,0,Trablous ,1,0
7.00E+01,3.00E+01,2.00E+00,3.50E+01,0,Tshea,1,0
5.20E+01,4.80E+01,7.00E+00,4.80E+01,0,Vidar,1,0
5.50E+01,4.50E+01,4.00E+01,2.00E+01,0,Wadi Jezzine,1,0
4.00E+01,6.00E+01,5.00E+00,5.00E+00,0,Yammouneh,1,0
5.50E+01,4.50E+01,2.00E+01,2.50E+01,0,Yanouh Sour,1,0
4.50E+01,3.50E+01,3.50E+01,1.50E+01,0,Yanta,1,0
5.00E+01,5.00E+01,1.80E+01,4.00E+01,0,Yaroun,1,0
4.50E+01,5.50E+01,3.00E+01,3.50E+01,0,Yater,1,0
5.00E+01,5.00E+01,3.00E+01,3.00E+01,0,Yohmor En-Nabatiyeh,1,0
6.00E+01,4.00E+01,1.50E+01,2.50E+01,0,Yohmor West Bekaa,1,0
0.00E+00,0.00E+00,0.00E+00,0.00E+00,0,Younine,0,0
5.50E+01,4.50E+01,2.50E+01,3.00E+01,0,Zaaitreh,1,0
5.14E+01,4.86E+01,1.20E+01,2.00E+01,0,Zaarouriyeh,1,0
5.00E+01,5.00E+01,1.50E+01,6.00E+01,0,Zabboud,1,0
5.50E+01,4.50E+01,1.00E+01,3.00E+01,0,Zabbougha,1,0
4.00E+01,6.00E+01,2.00E+01,7.00E+00,0,Zaghartaghrine,1,0
5.10E+01,4.90E+01,2.00E+01,2.00E+01,0,Zahleh El-Maallaqa,1,0
0.00E+00,0.00E+00,0.00E+00,0.00E+00,0,Zahra,0,0
6.00E+01,4.00E+01,2.00E+01,5.00E+01,1,Zaitoun,0,0
5.00E+01,5.00E+01,1.00E+01,4.00E+01,0,Zakrit,1,0
4.40E+01,5.60E+01,1.50E+01,1.40E+01,0,Zakroun,1,0
4.50E+01,5.50E+01,3.50E+01,4.00E+01,0,Zalqa,1,0
5.30E+01,4.70E+01,2.00E+01,3.20E+01,0,Zandouqa,1,0
6.00E+01,4.00E+01,3.00E+01,2.00E+01,0,Zaneh,1,0
5.00E+01,5.00E+01,2.50E+01,1.70E+01,0,Zaoutar Ech-Charqiyeh,1,0
0.00E+00,0.00E+00,0.00E+00,0.00E+00,0,Zaoutar El-Gharbiyeh,1,0
0.00E+00,0.00E+00,0.00E+00,0.00E+00,0,Zaraaoun,1,0
5.50E+01,4.50E+01,3.00E+01,6.00E+01,0,Zebdine,1,0
0.00E+00,0.00E+00,0.00E+00,0.00E+00,0,Zebqine,0,0
5.50E+01,4.50E+01,5.00E+00,1.00E+01,0,Zefta,1,0
4.50E+01,5.50E+01,3.30E+01,6.60E+01,1,Zeita,0,0
4.50E+01,5.50E+01,2.00E+01,3.00E+01,1,Zgharta-Ehden,0,0
5.50E+01,4.50E+01,1.00E+01,3.00E+01,0,Zhilta,1,0
6.00E+01,4.00E+01,2.00E+01,8.00E+01,1,Zibdine En-Nabatiyeh,0,0
0.00E+00,0.00E+00,0.00E+00,0.00E+00,0,Zighrine,0,0
5.00E+01,5.00E+01,1.00E+01,1.00E+01,0,Zilaya,1,0
5.00E+01,5.00E+01,4.00E+01,3.00E+01,1,Zouarib,0,0
5.00E+01,5.00E+01,1.50E+01,2.00E+01,0,Zouk El-Kharab,1,0
6.00E+01,4.00E+01,3.50E+01,1.00E+01,0,Zouk Mkayel,1,0
5.80E+01,4.20E+01,3.40E+01,6.60E+01,0,Zouk Mousbeh,1,0
6.00E+01,4.00E+01,2.00E+01,3.50E+01,0,Zouq El Hosniyeh,1,0
6.00E+01,4.00E+01,0.00E+00,0.00E+00,0,Zouq El-Hadara,1,0
5.00E+01,5.00E+01,3.00E+01,1.00E+01,0,Zouq El-Hbalsa,1,0
5.30E+01,4.70E+01,1.00E+01,4.00E+01,1,Zrariyeh,0,0
5.20E+01,4.90E+01,4.00E+00,6.00E+01,0,Zrazeer,1,0
5.00E+01,5.00E+01,2.00E+01,3.00E+01,0,aain Aalaq,1,0
6.50E+01,3.50E+01,1.10E+01,1.50E+01,1,berqayel,0,0
5.00E+01,5.00E+01,3.00E+01,4.50E+01,0,ebra wChouane,1,0
4.50E+01,5.50E+01,1.50E+01,2.00E+01,0,hadtoun,1,0
5.00E+01,5.00E+01,2.50E+01,3.50E+01,0,jouar Hasheesh,1,0
5.20E+01,4.80E+01,1.50E+01,2.50E+01,0,mazboud,1,0
5.00E+01,5.00E+01,2.00E+01,2.00E+01,0,shebaneye,1,0
4.00E+01,6.00E+01,2.00E+01,2.00E+01,0,tarane,1,0
0.00E+00,0.00E+00,0.00E+00,0.00E+00,0,yahchouch,0,0
